Date,Vocabulary_Adjectives,Vocabulary_Other,Vocabulary_Modals,Vocabulary_Question_words,Vocabulary_Connectives_conjunctions,Vocabulary_Verbs_stems,Vocabulary_Comparisons,Assessment,Vocabulary_Nouns,Vocabulary_Prepositions,Curriculum_design,Vocabulary_Pronouns,Vocabulary_Adverbs,Grammar_Verb_inflections,Type_of_practice_Reading,Teaching_Methods_Processing_Instruction,Type_of_practice_Speaking,Type_of_practice_Listening,Type_of_practice_Writing,Autonomy_independence,Phonics_Other,Testing,Phonics_Applying_sound_symbol,Type_of_practice_Speaking_interaction,Phonics_Consolidating_sound_symbol,Phonics_sound_symbol_combinations,Grammar_Connectives_conjunctions,Grammar_Noun_inflections,Grammar_Prepositions,Grammar_Adverbs,Grammar_Adjectives,Grammar_Syntax,Grammar_Articles,Grammar_Comparisons,Grammar_Other,Teaching_Methods_Task_Based_Language_Teaching,Phonics_Introducing_new_sound_symbol,Phonics_Isolated_sound_symbol,Phonics_sound_symbol_combinations_in_words,Interaction,Type_of_practice_Reading_fact,Type_of_practice_Speaking_narrative,Other,Phonics_Awareness,Language_awareness,Motivation,Type_of_practice_Writing_interaction,Type_of_practice_Reading_fiction,Type_of_practice_Writing_factual,Type_of_practice_Listening_authentic_language,Type_of_practice_Reading_poetry,Type_of_practice_Listening_songs,Type_of_practice_Writing_creative,Pronunciation,Figurative_language,Multilingualism,Visits_abroad
2019-05-12,1,1,1,1,1,1,1,1,1,1,1,1,1,0,0,0,0,0,0,0,0,0,0,0,0,0,0,0,0,0,0,0,0,0,0,0,0,0,0,0,0,0,0,0,0,0,0,0,0,0,0,0,0,0,0,0,0
2019-05-13,0,0,0,0,0,0,0,0,0,0,0,0,0,2,0,0,0,0,0,0,0,0,0,0,0,0,0,0,0,0,0,0,0,0,0,0,0,0,0,0,0,0,0,0,0,0,0,0,0,0,0,0,0,0,0,0,0
2019-05-16,3,3,3,4,3,4,3,3,3,3,3,3,3,6,4,5,1,1,1,0,0,0,0,0,0,0,0,0,0,0,0,0,0,0,0,0,0,0,0,0,0,0,0,0,0,0,0,0,0,0,0,0,0,0,0,0,0
2019-05-17,0,0,0,0,0,1,0,0,0,0,0,0,0,1,0,0,0,0,0,0,0,0,0,0,0,0,0,0,0,0,0,0,0,0,0,0,0,0,0,0,0,0,0,0,0,0,0,0,0,0,0,0,0,0,0,0,0
2019-05-19,1,1,1,1,1,2,1,3,1,1,1,1,1,1,1,0,1,1,2,2,0,0,0,0,0,0,0,0,0,0,0,0,0,0,0,0,0,0,0,0,0,0,0,0,0,0,0,0,0,0,0,0,0,0,0,0,0
2019-05-20,0,1,0,0,0,2,0,1,1,0,1,0,0,4,4,2,4,4,4,1,1,1,1,1,1,1,0,0,0,0,0,0,0,0,0,0,0,0,0,0,0,0,0,0,0,0,0,0,0,0,0,0,0,0,0,0,0
2019-05-21,0,0,0,0,0,3,0,0,0,0,0,0,0,3,0,0,0,0,0,0,0,0,0,0,0,0,0,0,0,0,0,0,0,0,0,0,0,0,0,0,0,0,0,0,0,0,0,0,0,0,0,0,0,0,0,0,0
2019-05-22,0,0,0,0,0,0,0,0,2,0,1,0,0,3,4,2,2,4,2,0,1,0,2,2,2,2,1,1,1,1,1,1,1,1,1,0,0,0,0,0,0,0,0,0,0,0,0,0,0,0,0,0,0,0,0,0,0
2019-05-23,0,0,0,1,0,0,0,0,0,0,0,0,0,2,2,2,1,2,1,0,0,0,0,0,0,0,0,0,0,0,0,0,0,0,0,0,0,0,0,0,0,0,0,0,0,0,0,0,0,0,0,0,0,0,0,0,0
2019-05-24,0,1,0,3,0,2,0,3,0,0,3,0,0,6,7,2,6,6,2,1,0,0,2,2,2,1,0,0,0,0,0,2,0,0,2,2,4,4,5,0,0,0,0,0,0,0,0,0,0,0,0,0,0,0,0,0,0
2019-05-25,0,0,0,1,0,2,0,1,0,0,0,0,0,1,1,0,0,1,0,0,0,0,2,1,2,0,0,0,0,0,0,1,0,0,0,1,0,0,2,1,0,0,0,0,0,0,0,0,0,0,0,0,0,0,0,0,0
2019-05-26,0,1,0,1,0,4,0,1,0,0,3,0,0,4,2,0,2,2,0,1,0,0,0,0,0,0,0,0,0,0,0,0,0,0,0,0,0,0,0,0,0,0,0,0,0,0,0,0,0,0,0,0,0,0,0,0,0
2019-05-27,0,0,0,0,0,2,0,0,2,0,0,0,0,1,0,0,0,2,0,0,0,0,0,2,0,0,0,0,0,0,0,0,0,0,0,2,0,0,0,2,0,0,0,0,0,0,0,0,0,0,0,0,0,0,0,0,0
2019-05-28,0,0,0,1,0,0,0,0,0,0,0,0,0,0,0,0,0,0,0,0,0,0,0,0,0,0,0,0,0,0,0,0,0,0,0,0,0,0,0,0,0,0,0,0,0,0,0,0,0,0,0,0,0,0,0,0,0
2019-05-29,0,1,0,3,0,0,0,4,0,0,0,0,0,1,3,1,0,0,0,0,0,0,5,0,5,1,0,0,0,0,0,0,0,0,0,0,0,0,4,0,1,0,0,0,0,0,0,0,0,0,0,0,0,0,0,0,0
2019-05-31,0,0,0,0,0,0,0,2,0,0,0,0,0,0,0,0,0,0,0,0,0,0,2,0,2,2,0,0,0,0,0,0,0,0,0,0,0,0,0,0,0,0,0,0,0,0,0,0,0,0,0,0,0,0,0,0,0
2019-06-01,3,3,3,4,3,3,3,0,3,3,5,4,3,2,3,3,3,3,3,0,0,0,0,3,0,0,0,0,0,0,0,3,0,0,3,3,0,0,0,0,0,0,0,0,0,0,0,0,0,0,0,0,0,0,0,0,0
2019-06-02,0,1,0,1,0,3,0,1,0,0,1,1,0,5,4,3,3,4,3,0,0,0,3,2,4,3,0,0,0,0,0,3,0,0,2,3,0,0,1,1,1,0,0,0,0,0,0,0,0,0,0,0,0,0,0,0,0
2019-06-03,0,1,0,6,0,8,0,1,0,0,1,0,0,25,17,16,15,16,14,1,0,0,0,2,0,0,0,0,0,0,0,2,0,0,0,4,0,0,0,1,0,0,0,0,0,0,0,0,0,0,0,0,0,0,0,0,0
2019-06-04,0,1,0,2,0,5,0,0,0,0,2,0,0,10,6,3,5,6,3,0,0,0,1,1,1,1,0,0,0,0,0,1,0,0,1,2,2,2,2,0,0,1,0,0,0,0,0,0,0,0,0,0,0,0,0,0,0
2019-06-05,0,1,0,2,0,4,0,0,0,0,4,0,0,11,11,8,7,13,13,0,0,0,4,6,4,6,0,0,0,0,0,4,0,0,2,11,0,0,0,4,0,4,0,0,0,0,0,0,0,0,0,0,0,0,0,0,0
2019-06-06,2,3,2,2,2,5,2,0,2,2,6,2,2,4,3,3,3,2,2,0,0,0,1,0,1,1,0,0,0,0,0,2,0,0,0,0,0,0,1,0,0,0,2,0,0,0,0,0,0,0,0,0,0,0,0,0,0
2019-06-07,6,6,5,7,5,10,5,1,8,6,19,5,6,17,20,17,19,22,20,0,0,0,3,19,6,7,0,1,0,0,1,12,1,0,10,20,0,0,4,5,0,1,2,0,0,0,0,0,0,0,0,0,0,0,0,0,0
2019-06-08,0,0,0,0,0,1,0,0,0,0,0,0,0,1,0,0,0,0,0,0,0,0,0,0,0,0,0,0,0,0,0,0,0,0,0,0,0,0,0,0,0,0,0,0,0,0,0,0,0,0,0,0,0,0,0,0,0
2019-06-09,0,1,0,0,0,0,0,0,0,0,2,0,0,0,2,2,1,2,1,0,1,0,1,1,2,2,0,0,0,0,0,0,0,0,1,3,0,0,1,1,0,0,0,0,0,0,0,0,0,0,0,0,0,0,0,0,0
2019-06-10,1,3,1,1,1,3,1,1,2,1,2,1,1,13,12,11,12,11,11,0,2,0,3,2,4,4,0,0,0,0,0,0,0,0,1,2,1,1,3,0,0,0,0,1,0,0,0,0,0,0,0,0,0,0,0,0,0
2019-06-11,1,7,1,8,1,12,1,0,1,1,10,1,1,11,12,10,9,12,12,0,2,0,4,8,8,11,1,1,1,1,1,2,1,1,3,11,0,3,4,1,1,3,3,0,3,3,0,0,0,0,0,0,0,0,0,0,0
2019-06-12,0,6,0,0,0,2,0,1,0,0,4,0,0,2,2,7,2,2,2,1,6,0,1,2,3,3,0,0,0,0,0,0,0,0,5,7,1,1,3,0,0,0,0,1,0,0,0,0,0,0,0,0,0,0,0,0,0
2019-06-13,2,3,2,11,2,6,2,1,2,2,5,2,2,15,14,10,11,14,14,0,3,0,7,8,7,8,2,2,2,2,2,6,2,2,2,12,3,3,4,7,0,3,0,3,2,0,2,0,0,0,0,0,0,0,0,0,0
2019-06-14,2,5,2,4,2,2,2,0,2,2,5,3,2,5,12,10,9,11,9,0,2,0,3,3,5,5,0,0,0,0,0,2,0,0,3,10,2,2,3,2,1,2,0,0,0,0,1,0,0,0,0,0,0,0,0,0,0
2019-06-15,4,8,4,7,4,7,4,5,5,4,10,4,4,4,16,7,15,14,12,2,4,2,6,8,5,6,0,0,0,0,0,0,0,0,0,6,6,7,7,6,0,0,1,3,1,1,5,0,0,0,0,0,0,0,0,0,0
2019-06-16,1,1,1,2,1,6,1,2,1,1,2,1,1,5,3,1,2,2,1,0,0,0,2,1,2,1,0,0,0,0,0,0,0,0,0,1,2,2,2,1,0,0,0,1,0,0,1,0,0,0,0,0,0,0,0,0,0
2019-06-17,4,14,4,9,4,17,4,2,4,4,13,5,4,23,28,17,23,27,22,1,3,1,11,10,13,14,0,0,0,0,0,4,0,0,2,16,5,5,11,4,1,5,0,2,0,0,2,1,1,1,1,1,1,0,0,0,0
2019-06-18,4,7,3,6,3,8,3,0,4,3,14,3,4,12,22,15,21,22,17,0,0,0,6,14,14,14,1,1,1,1,1,4,1,1,1,20,4,2,12,5,0,2,1,1,1,0,1,0,0,0,0,0,0,0,0,0,0
2019-06-19,7,9,7,8,7,12,7,1,8,7,15,8,7,8,15,8,10,13,10,0,3,0,9,6,8,11,0,0,0,0,0,3,0,0,0,6,8,8,8,4,0,0,2,7,0,0,1,0,0,0,0,0,0,0,0,0,0
2019-06-20,12,13,11,14,11,21,11,0,12,11,23,11,12,18,17,11,15,17,10,0,0,0,3,6,4,3,3,3,3,3,3,4,3,3,3,10,7,7,7,4,1,0,0,3,2,0,1,0,0,0,0,0,0,0,0,0,0
2019-06-21,6,11,6,9,6,9,6,1,6,6,14,6,6,8,11,4,13,14,7,1,0,0,4,5,4,4,0,0,0,0,0,4,0,0,1,6,10,8,8,3,0,3,0,3,0,0,0,0,0,0,0,0,0,0,0,0,0
2019-06-22,2,2,2,2,2,2,2,0,2,2,4,2,2,0,0,0,0,0,0,0,0,0,0,0,0,0,0,0,0,0,0,0,0,0,0,0,0,0,0,0,0,0,0,0,0,0,0,0,0,0,0,0,0,0,0,0,0
2019-06-23,2,2,2,2,2,7,2,0,2,2,6,3,2,7,5,5,5,5,4,0,1,0,4,2,5,3,0,0,0,0,0,4,0,0,2,5,6,6,4,1,0,0,0,6,0,0,0,0,0,0,0,0,0,0,0,0,0
2019-06-24,2,8,2,7,2,7,2,5,2,2,12,2,2,10,17,12,14,14,11,1,4,0,9,8,11,9,0,0,0,0,0,3,1,0,1,11,6,6,11,6,0,1,0,3,0,0,3,0,0,0,0,0,0,0,0,0,0
2019-06-25,14,15,12,18,13,17,12,2,16,13,15,13,14,12,15,10,16,20,14,1,1,0,4,9,6,5,0,2,0,0,0,4,1,0,0,9,5,5,7,3,0,1,0,2,0,0,0,0,0,0,0,0,0,1,0,0,0
2019-06-26,7,7,6,6,6,12,6,0,7,6,9,7,7,7,6,4,3,5,5,0,1,0,3,3,5,6,0,0,0,0,0,1,0,0,1,4,3,3,2,1,1,1,0,3,0,0,0,0,0,0,0,0,0,0,0,0,0
2019-06-27,3,6,2,3,3,5,2,0,3,2,11,3,3,7,10,6,10,8,7,0,0,0,3,3,5,5,1,1,1,1,1,1,1,1,1,4,4,4,6,1,0,0,0,3,1,0,1,0,0,0,0,0,0,0,0,0,0
2019-06-28,1,3,0,3,1,4,0,4,1,0,9,1,1,3,10,5,9,10,11,2,3,0,6,4,10,10,0,0,0,0,0,1,0,0,0,6,2,2,8,0,0,1,0,1,0,0,0,0,0,0,0,0,0,0,0,0,0
2019-06-29,1,1,1,1,1,1,1,2,1,1,1,1,1,0,0,0,0,0,0,1,1,0,2,0,2,2,0,0,0,0,0,0,0,0,0,0,1,1,1,0,0,0,0,1,0,0,0,0,0,0,0,0,0,0,0,0,0
2019-06-30,3,4,3,4,3,7,3,1,3,3,4,3,3,3,4,0,2,4,0,0,0,0,3,1,3,1,0,0,0,0,0,0,0,0,0,2,2,2,4,2,0,0,0,0,0,0,0,0,0,0,0,0,0,0,0,0,0
2019-07-01,4,6,1,3,1,6,1,5,6,1,5,1,4,7,10,4,10,11,6,4,3,0,5,6,5,5,0,2,0,0,0,1,0,0,0,3,5,5,7,1,1,1,0,2,0,0,1,1,1,1,1,1,1,0,0,0,0
2019-07-02,3,4,3,5,3,6,3,1,4,3,8,3,3,7,7,4,8,9,5,1,2,0,1,3,1,1,2,2,2,2,2,3,2,2,3,5,6,5,3,3,0,0,1,3,2,0,0,0,0,0,0,0,0,0,0,0,0
2019-07-03,8,13,5,10,8,9,5,3,8,7,14,8,8,0,12,4,12,12,10,1,3,0,6,0,6,4,0,0,0,0,0,4,1,0,1,1,6,6,6,0,0,0,0,4,0,0,0,0,0,0,0,0,0,2,0,0,0
2019-07-04,6,7,3,6,4,11,3,2,6,3,7,5,6,6,8,1,8,10,6,2,3,0,6,3,6,6,0,0,0,0,0,2,0,0,0,4,8,8,8,2,0,0,0,6,0,0,0,0,0,0,0,0,0,1,0,0,0
2019-07-05,2,7,2,3,2,10,2,2,2,2,6,2,2,6,2,1,2,3,2,2,0,0,1,1,1,1,0,0,0,0,0,3,0,0,0,4,1,1,0,2,0,0,2,1,0,0,0,0,0,0,0,0,0,0,0,0,0
2019-07-06,2,1,1,1,1,3,1,0,2,1,1,1,2,1,1,0,0,1,0,0,0,0,1,1,1,1,0,0,0,0,0,0,0,0,0,1,1,1,0,1,0,0,1,1,0,0,0,0,0,0,0,0,0,0,0,0,0
2019-07-07,16,20,8,19,13,27,7,2,18,10,27,16,16,19,26,13,25,24,21,1,2,0,7,4,7,6,12,12,12,12,12,16,12,12,12,18,4,4,6,2,1,0,2,3,12,0,0,0,0,0,0,0,0,0,0,0,0
2019-07-08,18,24,13,26,18,39,13,9,21,16,40,18,19,43,50,39,50,52,48,4,9,0,13,11,13,12,11,11,11,11,11,24,24,11,16,30,14,14,14,3,0,2,0,11,11,0,0,0,0,0,0,0,0,1,0,0,0
2019-07-09,13,24,9,14,11,31,9,12,16,9,21,11,15,17,27,7,24,25,11,6,2,0,10,6,10,11,3,3,3,3,3,7,4,3,3,14,24,21,21,3,0,0,3,9,3,0,1,0,0,0,0,0,0,0,0,0,0
2019-07-10,8,13,5,14,7,27,5,4,15,6,15,7,9,16,20,6,19,25,10,3,3,0,10,14,14,7,1,2,1,1,2,5,2,1,1,13,29,29,19,7,0,0,2,20,0,0,1,0,0,0,0,0,0,2,0,0,0
2019-07-11,11,13,6,11,9,15,6,10,11,8,7,11,11,4,11,0,10,11,8,6,2,0,6,1,18,7,0,0,0,0,0,0,0,0,0,1,18,18,6,1,0,0,0,14,0,0,0,0,0,0,0,0,0,0,0,0,0
2019-07-12,5,5,3,8,5,14,3,3,5,5,8,5,5,7,9,1,9,5,4,1,6,0,8,1,14,4,0,0,0,0,0,0,0,0,0,1,16,16,7,1,0,0,1,15,0,0,1,0,0,0,0,0,0,0,0,0,0
2019-07-13,0,2,0,0,0,1,0,1,0,0,8,0,0,2,5,2,5,5,3,0,1,0,2,0,3,2,2,2,2,2,2,2,2,2,2,2,3,3,3,0,0,0,1,1,2,0,0,0,0,0,0,0,0,0,0,0,0
2019-07-14,6,8,5,6,5,10,5,2,6,5,5,6,6,5,8,2,6,5,3,0,0,1,3,0,2,2,0,0,0,0,0,1,0,0,0,0,3,3,3,0,2,0,1,1,0,0,0,0,0,0,0,0,0,0,0,0,0
2019-07-15,1,1,1,2,1,2,1,0,1,1,1,1,1,0,1,0,1,1,0,0,0,0,0,0,1,0,0,0,0,0,0,0,0,0,0,0,3,3,1,0,0,0,0,2,0,0,0,0,0,0,0,0,0,0,0,0,0
2019-07-17,14,17,4,17,8,21,4,2,14,7,19,14,14,8,17,2,16,16,13,1,9,1,11,0,19,11,0,0,0,0,0,0,0,0,0,1,26,26,10,0,1,0,4,25,0,0,0,0,0,0,0,0,0,0,0,0,0
2019-07-18,9,9,3,8,8,18,3,2,9,7,11,8,9,7,14,5,14,14,11,1,2,0,2,1,10,2,0,0,0,0,0,4,0,0,0,1,18,18,4,0,0,0,0,15,0,0,0,0,0,0,0,0,0,0,0,0,0
2019-07-19,4,3,3,4,4,12,2,1,4,3,8,4,4,4,2,1,3,2,3,1,1,0,1,0,1,1,0,0,0,0,0,2,0,0,0,0,5,5,1,0,0,0,1,5,0,0,0,0,0,0,0,0,0,0,0,0,0
2019-07-20,2,2,2,2,2,4,2,1,2,2,4,2,2,4,3,3,3,3,3,1,0,0,0,1,2,1,2,2,2,2,2,2,2,2,2,3,1,1,1,0,0,0,0,1,2,0,0,0,0,0,0,0,0,0,0,0,0
2019-07-21,0,2,0,0,0,0,0,0,0,0,1,0,0,1,3,1,1,1,1,0,0,0,2,0,2,2,0,0,0,0,0,0,0,0,0,0,1,1,0,0,2,0,0,1,0,0,0,0,0,0,0,0,0,0,0,0,0
2019-07-22,3,3,2,3,2,6,2,0,3,2,4,2,3,3,3,0,3,1,0,0,3,0,3,1,4,1,0,0,0,0,0,0,0,0,0,0,7,7,4,0,0,0,1,6,0,0,0,0,0,0,0,0,0,0,0,0,0
2019-07-23,3,5,3,3,3,5,3,1,3,3,5,3,3,2,2,0,2,0,0,1,2,0,4,0,6,4,1,1,1,1,1,1,1,1,1,0,7,7,3,0,1,1,1,7,0,0,0,0,0,0,0,0,0,0,0,0,0
2019-07-24,1,2,1,1,1,3,1,1,1,1,3,1,1,1,2,0,2,2,1,0,1,0,2,0,3,1,0,0,0,0,0,0,0,0,1,0,3,3,3,0,0,0,1,2,0,0,0,0,0,0,0,0,0,0,0,0,0
2019-07-25,2,2,1,2,2,3,1,0,2,1,4,2,2,0,1,0,1,1,1,0,0,0,0,0,0,0,0,0,0,0,0,0,0,0,0,0,0,0,0,0,0,0,0,0,0,0,0,0,0,0,0,0,0,0,0,0,0
2019-07-26,0,0,0,0,0,1,0,0,0,0,1,0,0,2,1,1,1,1,1,0,0,0,0,0,0,0,1,1,1,1,1,1,1,1,1,1,0,0,0,0,0,0,1,0,1,0,0,0,0,0,0,0,0,0,0,0,0
2019-07-27,0,0,0,1,0,0,0,0,0,0,0,0,0,0,0,0,0,0,0,0,0,0,0,0,0,0,0,0,0,0,0,0,0,0,0,0,1,1,0,0,0,0,2,1,0,0,0,0,0,0,0,0,0,0,0,0,0
2019-07-28,17,18,17,17,17,17,17,0,17,17,17,17,17,2,3,2,0,2,2,0,0,0,3,0,3,3,0,0,0,0,0,0,0,0,0,2,0,0,0,0,1,2,1,0,0,0,0,0,0,0,0,0,0,0,0,0,0
2019-07-29,4,5,4,4,4,8,4,2,4,4,3,4,4,2,0,0,0,0,0,2,0,0,0,0,0,0,0,0,0,0,0,1,0,0,0,1,0,0,0,0,0,0,1,0,0,0,0,0,0,0,0,0,0,0,0,0,0
2019-07-30,0,0,0,1,0,0,0,0,0,0,2,0,0,0,1,0,1,1,1,0,1,0,2,0,3,1,0,0,0,0,0,1,0,0,0,0,3,3,2,0,0,0,0,3,0,0,0,0,0,0,0,0,0,1,0,0,0
2019-07-31,4,4,4,4,4,6,4,4,5,4,5,4,4,1,1,0,1,1,1,0,0,0,5,1,6,1,0,0,0,0,0,0,0,0,0,0,1,1,4,0,0,0,0,1,0,0,0,0,0,0,0,0,0,0,0,0,0
2019-08-01,3,3,2,3,3,7,2,0,3,2,6,3,3,3,1,0,1,1,1,0,3,0,3,0,6,3,0,0,0,0,0,0,0,0,0,0,6,6,3,0,0,0,0,6,0,0,0,0,0,0,0,0,0,0,0,0,0
2019-08-02,0,0,0,1,0,0,0,1,0,0,0,0,0,0,0,0,0,0,0,0,0,0,1,0,2,0,0,0,0,0,0,0,0,0,0,0,1,1,1,0,0,0,0,1,0,0,0,0,0,0,0,0,0,0,0,0,0
2019-08-05,0,0,0,0,0,1,0,0,0,0,1,0,0,0,1,1,1,1,1,0,0,0,0,0,2,0,0,0,0,0,0,1,0,0,0,0,2,2,0,0,0,0,0,2,0,0,0,0,0,0,0,0,0,0,0,0,0
2019-08-06,2,2,2,2,2,3,2,2,2,2,1,2,2,0,0,0,0,0,0,1,0,0,0,0,2,0,0,0,0,0,0,0,0,0,0,0,2,2,0,0,0,0,0,2,0,0,0,0,0,0,0,0,0,0,0,0,0
2019-08-07,0,0,0,0,0,1,0,0,0,0,1,0,0,0,1,0,1,1,0,0,0,0,0,0,0,0,0,0,0,0,0,0,0,0,0,0,1,1,1,0,0,0,0,0,0,0,0,0,0,0,0,0,0,0,0,0,0
2019-08-08,1,2,0,2,1,1,0,0,1,0,2,2,1,0,2,1,2,2,2,0,0,0,1,0,0,1,0,0,0,0,0,1,0,0,0,1,0,0,0,0,0,0,0,0,0,0,0,0,0,0,0,0,0,0,0,0,0
2019-08-09,0,0,0,1,0,1,0,0,0,0,4,0,0,2,1,1,1,1,1,0,0,0,0,0,1,0,0,0,0,0,0,0,0,0,0,0,3,3,0,0,0,0,0,3,0,0,0,0,0,0,0,0,0,0,0,0,0
2019-08-10,0,0,0,1,0,0,0,0,0,0,0,0,0,0,2,0,2,2,0,0,1,0,1,0,1,1,0,0,0,0,0,0,0,0,0,0,7,7,3,0,0,0,0,5,0,0,0,0,0,0,0,0,0,0,0,0,0
2019-08-11,0,0,0,0,0,1,0,0,0,0,0,0,0,1,1,0,1,1,0,0,1,0,1,0,2,1,0,0,0,0,0,0,0,0,0,0,3,3,1,0,0,0,1,3,0,0,0,0,0,0,0,0,0,0,0,0,0
2019-08-12,15,18,15,15,15,18,15,15,16,15,0,15,16,2,3,0,3,3,1,15,0,0,1,1,3,0,0,0,0,0,0,2,0,0,0,2,4,4,3,0,0,0,2,2,0,0,0,0,0,0,0,0,0,1,0,0,0
2019-08-13,3,3,2,4,3,4,2,1,3,3,4,3,3,1,4,0,5,4,1,1,1,0,1,0,2,1,0,0,0,0,0,0,0,0,0,0,4,3,3,0,0,1,1,2,0,0,0,0,0,0,0,0,0,0,0,0,0
2019-08-14,2,2,2,2,2,3,2,0,2,2,4,2,2,1,0,0,0,0,0,0,0,0,0,0,3,0,0,0,0,0,0,0,0,0,0,0,4,4,0,0,0,0,0,4,0,0,0,0,0,0,0,0,0,0,0,0,0
2019-08-15,3,2,1,3,1,5,1,1,3,1,1,2,3,1,1,0,1,1,1,1,0,0,0,0,0,0,0,0,0,0,0,0,0,0,0,0,0,0,0,0,0,0,0,0,0,0,0,0,0,0,0,0,0,0,0,0,0
2019-08-16,0,0,0,0,0,1,0,0,0,0,1,0,0,1,0,0,0,0,0,0,1,0,1,0,1,1,0,0,0,0,0,0,0,0,0,0,4,4,1,0,0,0,2,4,0,0,0,0,0,0,0,0,0,0,0,0,0
2019-08-17,1,1,1,1,1,1,1,0,1,1,1,1,1,0,1,0,1,1,0,0,0,0,0,0,1,0,0,0,0,0,0,0,0,0,0,0,3,3,1,0,0,0,0,2,0,0,0,0,0,0,0,0,0,0,0,0,0
2019-08-18,0,1,0,0,0,0,0,0,0,0,1,0,0,0,2,0,2,1,1,0,1,0,2,0,2,2,0,0,0,0,0,0,0,0,0,0,0,0,2,0,0,0,2,0,0,0,0,0,0,0,0,0,0,0,0,0,0
2019-08-19,8,9,8,11,8,15,8,2,8,8,7,8,8,4,4,0,3,2,1,1,2,0,5,0,7,3,0,0,0,0,0,1,0,0,0,0,12,12,6,0,0,0,1,11,0,0,0,0,0,0,0,0,0,1,0,0,0
2019-08-20,7,8,7,7,7,12,7,0,7,7,9,7,7,3,2,0,2,1,0,0,3,0,4,0,6,4,0,0,0,0,0,0,0,0,0,0,6,6,5,0,0,0,4,5,0,0,0,0,0,0,0,0,0,0,0,0,0
2019-08-21,3,4,2,5,3,5,2,0,3,3,3,3,3,1,1,0,1,1,1,0,0,0,0,0,5,0,0,0,0,0,0,1,0,0,0,1,5,5,0,0,0,0,1,5,0,0,0,0,0,0,0,0,0,0,0,0,0
2019-08-22,2,2,2,2,2,4,2,0,2,2,4,2,2,3,1,1,1,2,1,0,0,0,0,1,1,0,0,0,0,0,0,0,0,0,0,2,2,2,0,0,0,0,1,2,0,0,0,0,0,0,0,0,0,0,0,0,0
2019-08-23,0,0,0,1,0,1,0,1,0,0,1,0,0,1,0,0,1,0,0,1,0,0,0,0,1,0,0,0,0,0,0,0,0,0,0,0,2,2,0,0,0,1,0,2,0,0,0,0,0,0,0,0,0,0,0,0,0
2019-08-24,8,8,8,8,8,9,8,4,8,8,4,8,8,1,0,0,0,0,0,4,0,0,0,1,1,0,0,0,0,0,0,0,0,0,0,0,1,1,0,1,0,0,0,1,0,0,0,0,0,0,0,0,0,0,0,0,0
2019-08-25,0,4,0,0,0,1,0,0,0,0,1,0,0,2,7,0,7,6,0,0,0,0,2,0,2,2,0,0,0,0,0,0,0,0,0,0,7,7,8,0,0,0,0,1,0,0,0,0,0,0,0,0,0,0,0,0,0
2019-08-26,3,3,1,2,2,3,1,1,3,2,1,2,3,1,2,0,2,3,1,1,0,0,0,1,1,0,0,1,0,0,1,0,1,0,0,1,2,2,1,1,0,0,0,1,0,0,0,0,0,0,0,0,0,0,0,0,0
2019-08-27,1,2,1,1,1,1,1,0,1,1,1,1,1,0,1,0,1,0,0,0,1,0,2,0,5,2,0,0,0,0,0,0,0,0,0,0,4,4,2,0,0,0,0,4,0,0,0,0,0,0,0,0,0,0,0,0,0
2019-08-28,0,0,0,1,0,1,0,0,0,0,0,0,0,1,3,0,3,2,0,0,1,0,1,0,3,0,0,0,0,0,0,0,0,0,0,0,5,5,3,0,0,0,1,3,0,0,0,0,0,0,0,0,0,0,0,0,0
2019-08-29,1,1,1,2,1,4,1,1,1,1,0,1,1,3,0,0,0,0,0,1,0,0,0,0,0,0,0,0,0,0,0,0,0,0,0,0,0,0,0,0,0,0,0,0,0,0,0,0,0,0,0,0,0,0,0,0,0
2019-08-30,3,3,0,4,2,8,0,0,3,1,4,3,3,5,4,0,4,4,3,0,0,0,0,0,1,0,0,0,0,0,0,0,0,0,0,0,2,2,0,0,0,0,2,2,0,0,0,0,0,0,0,0,0,0,0,0,0
2019-08-31,1,1,1,3,1,4,1,0,2,1,3,1,2,3,1,1,1,1,1,0,1,0,2,1,3,2,0,0,0,0,0,0,0,0,0,1,3,3,2,0,0,0,0,3,0,0,0,0,0,0,0,0,0,0,0,0,0
2019-09-01,0,1,0,1,0,2,0,1,0,0,2,0,0,2,5,2,4,4,2,0,0,0,1,1,7,1,0,0,0,0,0,0,1,0,0,1,7,7,4,0,0,0,1,5,0,0,0,0,0,0,0,0,0,0,0,0,0
2019-09-02,3,4,3,4,3,6,3,1,3,3,4,3,3,2,2,0,2,2,1,1,0,0,1,0,2,0,0,0,0,0,0,1,0,0,0,0,1,1,1,0,0,0,1,1,0,0,0,0,0,0,0,0,0,1,0,0,0
2019-09-03,4,4,2,3,3,7,2,4,4,3,6,3,4,4,7,0,8,7,1,1,2,2,6,1,8,3,0,1,0,0,1,0,1,0,0,1,13,13,10,1,0,0,1,9,0,0,0,0,0,0,0,0,0,0,0,0,0
2019-09-04,4,4,4,5,4,9,4,1,4,4,4,4,4,4,0,0,0,0,0,1,1,0,0,0,4,0,0,0,0,0,0,0,0,0,0,0,5,5,0,0,0,0,2,5,0,0,0,0,0,0,0,0,0,0,0,0,0
2019-09-05,0,5,0,1,0,6,0,0,0,0,6,0,0,13,10,7,11,11,8,0,2,0,3,3,4,2,5,5,5,5,7,5,6,5,5,7,7,7,8,0,0,1,1,4,5,0,0,0,0,1,1,0,1,0,1,0,0
2019-09-06,0,7,0,1,0,5,0,0,0,0,1,0,0,8,4,3,6,6,3,0,1,0,4,3,5,1,0,1,0,0,2,0,2,0,0,4,6,6,8,0,0,3,0,4,2,0,0,0,0,3,3,0,3,0,2,0,0
2019-09-07,0,12,0,0,0,0,0,0,1,0,0,0,0,10,12,10,13,12,11,0,0,0,4,11,4,2,0,0,0,0,6,0,1,0,0,11,9,9,12,0,0,2,0,9,1,0,0,0,0,2,2,0,2,0,1,0,0
2019-09-08,0,8,0,0,0,0,0,0,0,0,4,0,0,2,7,3,8,7,8,0,1,0,2,2,5,2,0,2,0,0,2,0,2,0,0,2,7,7,4,0,0,1,1,7,0,0,0,0,0,1,1,0,1,0,0,0,0
2019-09-09,0,12,0,2,0,3,0,2,0,0,4,0,0,12,11,10,13,14,11,1,2,0,8,12,9,5,0,2,0,0,2,1,2,0,0,12,13,13,16,2,0,2,0,11,1,0,0,0,0,2,2,0,2,0,1,0,0
2019-09-10,1,7,1,3,1,2,1,0,1,1,1,1,1,6,9,6,9,9,6,0,0,0,0,5,0,0,0,2,0,0,1,0,2,0,0,5,7,6,7,0,0,0,0,3,2,2,0,0,0,0,0,0,0,0,0,2,0
2019-09-11,2,7,2,4,2,6,2,2,2,2,4,2,2,7,9,7,10,9,10,1,4,0,6,7,6,7,1,4,1,1,4,1,4,1,1,7,6,7,8,0,0,1,1,6,1,1,0,0,0,1,1,0,1,0,0,0,0
2019-09-12,1,4,0,1,0,2,0,0,1,1,0,0,1,4,6,3,6,6,4,0,1,0,5,5,6,4,0,3,0,0,2,1,3,0,0,5,4,3,6,2,1,1,2,3,0,0,0,0,0,1,1,0,1,0,0,0,0
2019-09-13,18,21,1,18,18,21,1,1,18,14,18,18,18,4,23,3,23,24,23,1,0,0,3,5,4,2,0,2,0,0,1,1,3,0,0,6,6,6,7,2,0,2,0,2,0,0,0,0,0,2,2,0,2,0,0,0,0
2019-09-14,0,0,0,0,0,1,0,0,1,0,1,0,0,1,1,0,1,1,1,0,0,0,1,1,1,1,0,0,0,0,0,0,0,0,0,0,0,0,0,0,0,0,0,0,0,0,0,0,0,0,0,0,0,0,0,0,0
2019-09-15,1,3,1,1,1,1,1,0,1,1,1,1,1,3,6,4,6,6,4,0,0,0,0,4,0,0,0,0,0,0,1,1,0,0,0,4,3,3,3,0,0,0,1,0,0,0,0,0,0,0,0,0,0,0,0,0,0
2019-09-16,2,7,0,2,1,4,0,1,2,0,4,1,2,7,10,8,10,10,9,0,2,0,4,8,8,3,2,5,2,2,3,2,6,2,2,8,9,9,9,0,0,1,0,6,0,0,0,0,0,1,1,0,1,0,0,0,0
2019-09-17,1,5,1,2,1,4,1,0,1,1,2,1,1,6,5,3,5,5,3,0,0,0,0,4,0,0,1,3,1,1,2,1,3,1,1,4,4,4,4,1,0,0,0,0,1,1,0,0,0,0,0,0,0,0,0,1,0
2019-09-18,2,4,0,3,1,3,0,1,2,1,2,1,2,5,5,3,5,5,4,1,1,0,2,3,1,1,0,1,0,0,2,0,1,0,0,3,5,5,5,0,0,0,0,3,0,0,0,0,0,0,0,0,0,0,0,0,0
2019-09-19,1,3,1,1,1,3,1,1,1,1,2,1,1,5,2,2,2,1,1,0,1,0,2,1,3,1,1,1,1,1,4,1,1,1,2,2,1,1,2,0,0,0,2,1,0,0,0,0,0,0,0,0,0,0,0,0,0
2019-09-20,0,5,0,0,0,1,0,1,0,0,1,0,0,2,1,2,2,1,2,0,2,0,5,1,4,2,0,2,0,0,0,0,2,0,1,2,5,5,6,0,0,1,0,2,0,0,0,0,0,1,1,0,1,0,0,0,0
2019-09-21,0,0,0,0,0,0,0,0,0,0,0,0,0,1,0,0,0,0,0,0,0,0,0,0,0,0,0,0,0,0,1,0,0,0,0,0,0,0,0,0,0,0,0,0,0,0,0,0,0,0,0,0,0,0,0,0,0
2019-09-22,0,3,0,1,0,0,0,0,0,0,0,0,0,2,5,3,5,5,3,0,0,0,0,3,0,0,0,1,0,0,0,0,1,0,0,3,4,4,4,0,0,0,0,1,0,0,0,0,0,0,0,0,0,0,0,0,0
2019-09-23,1,7,1,2,1,2,1,1,1,1,2,1,1,8,9,5,9,9,5,0,1,0,2,5,2,1,0,1,0,0,5,2,1,0,0,6,9,9,10,2,0,0,2,4,0,0,0,0,0,0,0,0,0,0,0,0,0
2019-09-24,1,6,1,1,1,4,1,2,4,1,1,1,1,7,8,4,8,6,5,1,1,2,2,3,1,1,0,1,0,0,2,0,2,0,0,3,4,4,6,0,0,0,2,1,0,0,0,0,0,0,0,0,0,0,0,0,0
2019-09-25,2,3,0,2,0,0,0,1,2,0,1,0,0,4,8,6,8,8,7,1,1,1,0,3,0,0,0,0,0,0,1,0,2,0,0,3,4,4,4,0,0,0,1,1,5,5,0,0,0,0,2,0,2,0,0,5,0
2019-09-26,3,10,3,3,3,5,3,2,4,3,3,3,3,7,9,5,9,8,7,2,3,1,2,4,2,2,0,0,0,0,2,0,0,0,1,5,10,8,7,0,0,0,1,4,1,1,0,0,0,0,0,0,0,0,0,1,0
2019-09-27,2,3,1,1,1,1,1,0,2,1,1,1,1,3,5,5,5,5,5,0,0,0,0,4,0,0,0,0,0,0,1,1,1,0,0,4,3,3,3,1,0,0,0,2,0,0,1,0,0,0,0,0,0,0,0,0,0
2019-09-28,3,4,2,3,3,5,2,1,3,2,3,3,3,1,1,0,1,1,1,0,0,0,1,0,1,0,0,1,0,0,1,1,2,0,0,1,0,0,1,0,0,1,0,0,0,0,0,0,0,1,1,0,1,0,0,0,0
2019-09-29,2,1,1,3,1,3,1,1,4,1,1,1,2,3,3,3,3,3,3,1,0,0,0,3,0,0,0,2,0,0,1,0,2,0,0,3,1,1,1,0,0,0,1,0,0,0,0,0,0,0,0,0,0,0,0,0,0
2019-09-30,0,4,0,1,0,2,0,0,1,0,3,0,0,4,7,3,5,5,5,0,1,0,4,3,4,6,0,3,0,0,1,1,3,0,0,3,8,6,5,0,2,0,0,4,0,0,0,0,0,0,0,0,0,0,0,0,0
2019-10-01,0,1,0,2,0,3,0,0,1,0,3,0,0,4,2,1,2,2,2,0,1,0,3,1,3,2,0,0,0,0,0,0,0,0,0,1,2,1,2,0,0,0,0,2,0,0,0,0,0,0,0,0,0,0,0,0,0
2019-10-02,0,2,0,1,0,1,0,1,0,0,0,0,0,2,2,1,2,2,1,0,0,0,3,2,5,0,0,2,0,0,0,1,2,0,0,2,7,5,3,1,0,0,0,6,0,0,0,0,0,0,0,0,0,0,0,0,0
2019-10-03,1,3,1,2,1,3,1,0,1,1,2,1,1,3,2,2,2,2,2,0,0,0,0,2,0,0,0,1,0,0,1,0,1,0,0,2,3,3,2,0,0,0,0,2,0,0,0,0,0,0,0,0,0,0,0,0,0
2019-10-04,0,2,0,0,0,1,0,0,0,0,1,0,0,2,4,2,2,3,3,0,0,0,2,3,2,3,0,1,0,0,1,0,1,0,0,3,2,2,2,1,1,0,0,2,0,0,0,0,0,0,0,0,0,0,0,0,0
2019-10-05,0,0,0,0,0,3,0,0,1,0,3,0,0,1,1,1,1,1,1,0,1,0,3,1,3,3,0,1,0,0,0,0,1,0,0,1,3,3,3,0,0,0,0,3,0,0,0,0,0,0,0,0,0,0,0,0,0
2019-10-06,0,0,0,0,0,2,0,0,0,0,0,0,0,3,3,2,3,3,3,0,0,0,2,2,2,0,0,0,0,0,0,0,0,0,0,2,3,2,2,0,0,0,0,0,0,0,0,0,0,0,0,0,2,0,0,0,0
2019-10-07,2,10,1,1,1,5,1,0,5,1,2,1,2,8,9,9,9,9,8,0,4,0,2,11,3,1,0,1,0,0,0,0,2,0,4,8,9,7,6,0,3,3,0,7,0,3,0,3,0,3,3,0,3,0,0,0,0
2019-10-08,0,5,0,2,0,0,0,1,0,0,2,0,0,4,4,5,5,4,5,0,1,0,3,4,4,2,0,1,0,0,1,0,1,0,1,5,5,4,4,0,0,1,0,4,0,0,0,0,0,1,1,0,1,0,0,0,0
2019-10-09,1,5,1,1,1,6,1,3,2,1,4,1,1,9,10,7,9,9,8,2,2,1,2,6,3,1,0,2,0,0,2,0,3,0,0,6,11,10,6,0,0,0,0,6,0,0,0,0,0,0,0,0,1,0,0,0,0
2019-10-10,1,11,1,4,1,10,1,0,3,1,7,1,1,14,10,10,10,10,10,0,0,0,0,11,1,0,1,4,1,1,9,2,4,1,1,11,16,16,10,0,0,0,0,14,0,0,0,0,0,0,0,0,0,0,0,0,0
2019-10-11,1,4,1,2,1,6,1,1,2,2,3,1,2,4,2,1,3,2,2,1,0,0,1,0,1,1,0,1,0,0,0,0,2,0,0,1,1,1,2,0,0,1,0,0,0,0,0,0,0,1,1,0,1,0,0,0,0
2019-10-12,1,2,1,1,1,2,1,0,1,1,1,1,1,1,1,0,1,1,0,0,0,0,0,0,0,0,0,0,0,0,0,0,0,0,0,0,2,2,1,0,0,0,0,1,0,0,0,0,0,0,0,0,0,0,0,0,0
2019-10-13,0,1,0,0,0,0,0,0,0,0,1,0,0,1,0,0,0,0,0,0,0,0,0,0,1,0,0,0,0,0,0,0,1,0,0,0,2,2,0,0,0,0,0,1,0,0,0,0,0,0,0,0,0,0,0,0,0
2019-10-14,25,20,0,25,7,30,0,0,28,6,13,24,25,13,28,4,29,29,28,0,0,0,2,4,3,1,1,2,1,1,3,1,3,1,1,4,4,4,4,0,0,0,0,1,0,0,0,0,0,0,0,0,1,0,0,0,0
2019-10-15,1,5,1,2,1,10,1,0,3,2,3,1,2,19,10,9,10,10,9,1,1,0,6,8,6,2,1,5,1,1,2,3,4,1,1,8,14,15,11,0,0,0,1,10,0,0,0,0,0,0,0,0,1,0,0,0,0
2019-10-16,2,6,1,1,1,4,1,0,2,1,8,1,1,10,11,7,11,11,9,0,4,0,5,7,6,5,0,0,0,0,4,0,1,0,1,6,15,13,12,0,1,1,0,9,0,1,0,1,0,1,2,0,3,0,0,0,0
2019-10-17,1,3,0,1,0,7,0,0,2,0,2,0,0,13,8,8,8,8,8,0,0,0,3,7,3,0,0,3,0,0,1,0,7,0,0,7,10,8,6,0,0,0,0,4,0,0,0,0,0,0,1,0,2,0,0,0,0
2019-10-18,0,5,0,0,0,2,0,1,0,0,2,0,0,7,5,3,4,4,3,1,1,0,3,3,3,1,1,2,1,1,3,2,1,1,1,3,6,6,7,0,0,0,2,5,0,0,0,0,0,0,0,0,0,0,0,0,0
2019-10-19,1,5,1,1,1,1,1,0,1,1,1,1,1,0,0,0,0,0,0,0,0,0,2,0,2,2,0,0,0,0,0,2,0,0,0,0,2,2,2,0,0,0,1,2,0,0,0,0,0,0,0,0,0,0,0,0,0
2019-10-20,1,1,1,1,1,3,1,0,1,1,3,1,1,4,1,1,1,1,1,0,0,0,1,1,0,1,0,0,0,0,0,0,1,0,0,1,2,1,1,0,0,0,0,0,0,0,0,0,0,0,0,0,0,0,0,0,0
2019-10-21,1,11,1,2,1,7,1,0,4,1,2,1,1,13,6,4,8,6,7,1,3,0,6,2,9,5,0,4,0,0,0,2,8,0,0,4,13,7,10,0,0,2,0,5,0,0,0,0,0,2,2,0,2,0,0,0,0
2019-10-22,1,7,1,3,1,4,1,1,2,1,0,1,1,6,4,4,6,5,6,1,0,0,5,5,5,4,0,3,0,0,2,1,4,0,0,5,5,5,7,1,0,2,1,5,0,0,0,0,0,2,2,0,2,0,0,0,0
2019-10-23,1,5,1,1,1,5,1,0,1,1,1,1,1,5,10,9,10,10,10,0,2,0,7,9,6,6,0,1,0,0,7,4,2,0,0,9,7,6,7,0,0,0,1,5,0,0,0,0,0,0,0,0,0,1,0,0,0
2019-10-24,2,6,1,3,1,4,1,1,2,1,1,2,2,1,3,0,3,3,1,0,4,0,8,0,7,5,0,0,0,0,0,1,0,0,0,0,11,11,10,0,0,0,0,7,0,0,0,0,0,0,0,0,0,0,0,0,0
2019-10-25,1,6,0,1,0,4,0,0,1,0,2,1,1,4,5,3,5,5,4,0,0,0,2,3,2,2,0,0,0,0,1,0,0,0,0,3,4,2,4,0,0,0,1,1,0,0,0,0,0,0,0,0,0,0,0,0,0
2019-10-26,0,2,0,0,0,1,0,0,0,0,1,0,0,2,1,0,1,1,1,0,0,0,0,0,1,0,0,0,0,0,0,0,0,0,0,0,3,2,1,0,0,0,2,2,1,1,0,0,0,0,0,0,0,0,0,0,0
2019-10-27,0,1,0,0,0,0,0,0,0,0,0,0,0,0,0,0,0,0,0,0,0,0,0,0,0,0,0,0,0,0,0,0,0,0,0,0,0,0,0,0,0,0,0,0,0,0,0,0,0,0,0,0,0,0,0,0,0
2019-10-28,0,0,0,0,0,2,0,0,0,0,0,0,0,3,0,0,0,0,0,0,0,0,0,0,0,0,0,0,0,0,0,0,0,0,0,0,0,0,0,0,0,0,0,0,0,0,0,0,0,0,0,0,0,0,0,0,0
2019-10-29,0,1,0,0,0,0,0,0,0,0,2,0,0,1,4,0,4,4,0,1,6,0,7,0,7,1,0,1,0,0,0,1,0,0,0,0,12,12,11,0,0,0,0,8,0,0,0,0,0,0,0,0,0,0,0,0,0
2019-10-30,0,1,0,0,0,0,0,0,1,0,1,0,0,1,2,1,2,2,2,0,2,0,3,2,3,1,0,1,0,0,0,0,0,0,0,1,2,2,2,0,0,0,2,2,0,0,0,0,0,0,0,0,0,0,0,0,0
2019-10-31,0,0,0,0,0,1,0,0,0,0,0,0,0,4,1,1,1,1,1,0,0,0,0,1,0,0,0,0,0,0,1,0,0,0,0,1,0,0,0,0,0,0,3,0,0,0,0,0,0,0,0,0,0,0,0,0,0
2019-11-01,0,0,0,0,0,0,0,0,0,0,2,0,0,2,0,0,0,0,0,0,2,0,2,0,3,2,0,0,0,0,0,0,0,0,0,0,4,4,3,0,0,0,0,3,0,0,0,0,0,0,0,0,0,0,0,0,0
2019-11-02,0,1,0,2,0,0,0,0,1,0,0,0,0,0,1,0,1,1,1,0,1,0,2,0,2,1,0,0,0,0,0,1,0,0,1,0,1,1,2,0,0,0,0,1,0,0,0,0,0,0,0,0,0,1,0,0,0
2019-11-03,1,3,1,1,1,1,1,0,1,1,1,1,1,2,1,1,1,1,1,0,0,0,1,1,1,0,0,0,0,0,0,0,1,0,0,1,3,2,2,0,0,0,1,2,0,0,0,0,0,0,0,0,0,0,0,0,0
2019-11-04,1,3,1,1,1,2,1,2,1,1,3,1,1,5,2,1,2,2,2,0,2,0,3,0,3,1,1,1,1,1,1,1,2,1,2,0,4,2,3,0,0,0,2,2,0,0,0,0,0,0,0,0,0,0,0,0,0
2019-11-05,1,16,0,2,0,1,0,0,1,0,0,1,1,6,6,2,6,4,6,0,3,0,11,2,13,5,0,4,0,2,0,3,5,0,3,5,11,9,12,1,1,4,5,7,2,0,0,0,0,4,4,0,4,0,0,0,0
2019-11-06,1,7,1,2,1,2,1,0,1,1,1,1,1,4,5,4,5,4,5,0,3,0,4,3,4,3,0,3,0,0,0,0,3,0,2,2,4,4,5,0,2,2,4,2,0,1,0,1,0,2,2,0,2,0,0,0,0
2019-11-07,2,4,2,3,2,3,2,0,2,2,2,2,2,1,0,0,1,0,1,0,5,0,7,0,7,6,0,1,0,0,0,0,1,0,0,0,6,6,7,0,0,1,2,5,0,0,0,0,0,1,1,0,1,0,0,0,0
2019-11-08,0,9,0,1,0,1,0,1,0,0,1,0,0,5,6,3,6,6,5,1,4,1,4,2,5,2,0,4,0,0,0,0,2,0,1,2,8,6,7,0,0,0,0,5,1,0,0,0,0,0,0,0,0,0,0,0,0
2019-11-09,3,7,1,1,1,3,1,2,3,3,1,1,3,3,1,0,1,3,1,1,2,1,4,2,4,3,0,0,0,0,3,0,0,0,3,2,4,4,4,2,0,0,2,4,0,0,0,0,0,0,0,0,0,0,0,0,0
2019-11-10,0,5,0,0,0,1,0,0,0,0,0,0,0,4,4,3,4,4,4,0,0,0,0,1,2,0,0,1,0,0,0,0,1,0,0,1,2,1,0,0,0,0,0,1,2,0,0,0,0,0,0,0,0,0,0,0,0
2019-11-11,2,22,2,2,2,3,2,0,2,2,3,2,2,7,9,7,9,9,8,0,5,0,10,5,12,8,0,1,0,0,4,2,2,0,5,5,17,16,15,0,0,0,2,14,2,0,0,0,0,0,0,0,0,0,0,0,0
2019-11-12,0,8,0,0,0,3,0,0,0,0,2,1,0,9,9,3,9,9,8,0,3,0,5,3,9,3,0,2,0,0,2,1,2,0,3,3,13,9,8,0,0,0,1,6,4,0,0,0,0,0,0,0,0,0,0,0,0
2019-11-13,2,7,2,2,2,5,2,1,2,2,3,2,2,8,4,3,4,4,3,0,2,0,2,4,2,1,0,0,0,0,4,0,0,0,1,3,7,7,5,0,1,1,2,5,0,1,0,1,0,1,1,0,1,0,0,0,0
2019-11-14,0,0,0,2,0,1,0,0,0,0,1,0,0,2,3,1,3,3,2,0,2,0,2,1,2,2,0,0,0,0,0,0,0,0,0,1,2,2,3,0,0,0,0,1,0,0,0,0,0,0,0,0,0,0,0,0,0
2019-11-15,1,6,1,1,1,3,1,0,2,1,1,1,1,7,4,3,5,3,5,0,1,0,1,3,3,1,0,1,0,0,0,0,1,0,1,4,5,3,3,1,0,1,2,3,3,1,0,0,0,1,1,0,1,0,0,1,0
2019-11-16,5,16,5,7,5,13,5,1,5,5,11,5,5,8,1,0,0,1,1,1,0,0,5,1,5,3,0,0,0,0,1,1,1,0,1,1,4,4,5,1,1,0,2,4,0,0,0,0,0,0,0,0,0,0,0,0,0
2019-11-17,6,20,6,6,6,17,6,2,6,6,9,6,6,15,9,7,9,9,9,1,2,1,9,6,10,3,0,1,0,0,1,1,5,0,0,6,11,10,12,1,0,0,5,9,0,1,0,0,0,0,0,0,0,1,0,0,0
2019-11-18,4,56,4,7,4,14,4,1,5,4,7,4,4,18,5,5,5,5,6,1,2,0,19,5,16,8,0,3,0,0,9,2,5,0,6,5,22,22,21,1,0,0,23,17,1,1,0,0,0,0,0,0,0,0,0,1,0
2019-11-19,2,28,2,4,2,6,2,1,3,2,4,2,2,8,5,3,3,4,3,0,1,0,8,1,9,2,1,1,1,1,1,1,6,1,3,4,8,7,8,1,0,3,24,6,2,1,0,0,0,2,2,0,2,0,0,1,0
2019-11-20,1,12,1,2,1,5,1,0,1,1,3,1,1,7,2,1,2,2,2,0,1,0,5,2,5,0,0,0,0,0,0,0,3,0,0,5,3,2,5,0,0,3,9,1,1,0,0,0,0,3,3,0,3,0,0,0,0
2019-11-21,3,18,2,4,3,6,2,0,3,2,4,3,3,7,6,3,6,6,5,0,1,0,3,4,2,1,0,1,0,0,1,0,1,0,1,4,10,9,9,0,1,2,7,6,1,2,0,1,0,2,2,0,2,0,0,1,0
2019-11-22,1,11,0,2,0,6,0,0,1,0,0,0,1,7,3,2,3,2,2,0,2,0,5,3,5,2,0,1,0,0,0,0,1,0,0,2,5,4,5,1,0,0,7,3,0,0,0,0,0,0,0,0,1,0,0,0,0
2019-11-23,1,8,1,1,1,2,1,0,1,1,1,1,1,2,1,0,1,0,1,0,0,0,3,0,3,2,0,1,0,0,0,0,1,0,0,0,1,1,2,0,1,1,8,1,0,0,0,0,0,1,1,0,1,0,0,0,0
2019-11-24,5,10,3,4,3,8,3,2,6,4,8,3,5,6,2,2,3,3,3,1,1,0,5,4,5,5,0,1,0,0,1,0,2,0,0,2,6,6,5,2,0,1,6,4,0,0,1,0,0,1,1,0,2,0,0,0,0
2019-11-25,0,14,0,0,0,11,0,0,2,0,1,0,0,15,2,2,2,3,2,0,0,0,5,3,2,1,0,0,0,0,1,0,1,0,0,2,9,7,6,1,0,0,11,2,0,0,0,0,0,0,0,0,1,0,0,0,0
2019-11-26,2,13,2,4,2,5,2,0,2,2,6,2,2,11,13,7,11,12,12,1,2,0,6,9,7,6,0,6,0,0,2,1,6,0,1,9,13,8,8,3,2,2,2,7,1,1,1,1,0,2,2,0,2,0,0,0,0
2019-11-27,6,15,6,15,6,21,6,0,7,6,13,6,6,18,5,4,5,6,5,0,13,0,14,3,15,13,0,1,0,0,2,0,3,0,1,5,18,16,16,1,0,1,8,16,0,0,0,0,0,1,1,0,1,0,0,0,0
2019-11-28,4,16,3,13,3,14,3,0,4,4,6,3,4,11,5,4,3,5,4,0,3,0,8,4,8,3,0,1,0,0,2,0,5,0,1,8,5,4,6,2,2,5,2,4,0,1,0,1,0,4,4,0,4,0,0,0,0
2019-11-29,4,8,4,8,4,15,4,0,4,4,7,4,4,11,4,3,4,4,3,0,3,0,6,2,4,4,1,2,1,1,1,1,3,1,2,3,10,9,7,0,0,0,1,6,1,0,0,0,0,0,0,0,0,0,0,0,0
2019-11-30,4,8,4,5,4,16,4,1,4,4,9,4,4,11,0,0,0,0,0,0,1,0,1,0,1,1,1,1,1,1,1,1,1,1,1,0,2,1,1,0,0,0,5,1,0,0,0,0,0,0,0,0,0,0,0,0,0
2019-12-01,3,8,3,6,3,11,3,0,6,3,6,3,3,6,1,1,1,1,1,0,1,0,2,0,2,1,1,1,1,1,2,1,2,1,2,1,4,2,2,0,0,0,9,2,1,0,0,0,0,0,0,0,0,0,0,0,0
2019-12-02,14,17,13,17,14,22,13,2,14,14,21,14,14,12,4,2,4,4,5,1,3,0,7,1,7,5,0,0,0,0,1,0,1,0,0,3,7,6,7,0,0,1,29,6,0,0,0,0,0,1,1,0,1,0,0,0,0
2019-12-03,10,15,10,12,10,19,10,1,11,10,14,10,10,14,5,4,5,5,5,1,2,1,5,3,4,3,0,0,0,0,2,0,0,0,1,3,7,6,6,0,0,0,28,5,0,0,0,0,0,0,0,0,0,0,0,0,0
2019-12-04,3,5,3,4,3,10,3,0,4,3,4,3,3,7,6,2,6,6,5,0,2,0,3,1,7,2,0,1,0,0,0,1,1,0,0,1,5,5,4,0,0,0,14,3,1,0,0,0,0,0,0,0,0,0,0,0,0
2019-12-05,0,5,0,1,0,9,0,0,0,0,2,0,0,12,5,3,4,6,4,0,1,0,2,4,3,1,0,0,0,0,0,1,1,0,0,4,5,2,4,2,0,1,10,2,1,0,0,0,0,1,1,0,1,0,1,0,0
2019-12-06,6,5,5,8,5,11,5,1,6,5,5,5,6,8,3,1,3,3,3,0,1,0,1,0,3,0,0,0,0,0,1,0,0,0,0,1,2,2,1,0,0,0,8,2,0,0,0,0,0,0,0,0,0,0,0,0,0
2019-12-07,1,3,1,1,1,2,1,0,1,1,4,1,1,2,2,1,3,2,3,0,0,0,1,1,3,2,0,1,0,0,0,0,1,0,0,1,2,1,2,1,0,1,0,0,1,0,1,0,0,1,1,0,1,0,0,0,0
2019-12-08,4,3,1,3,1,3,1,0,4,1,2,2,2,2,4,4,4,4,4,0,1,0,1,3,1,0,0,1,0,0,0,2,3,0,1,4,3,3,3,0,0,0,2,0,0,0,0,0,0,0,0,0,1,0,0,0,0
2019-12-09,4,6,4,5,4,12,4,0,6,4,8,4,4,15,8,5,9,7,9,0,4,0,4,3,8,3,0,4,0,0,0,0,4,0,1,5,9,7,6,0,0,1,8,5,1,0,0,0,0,1,1,0,1,0,0,0,0
2019-12-10,1,2,1,3,1,9,1,0,1,1,4,1,1,11,4,2,4,4,4,0,3,0,5,2,7,4,0,0,0,0,1,0,1,0,0,2,7,6,6,0,0,0,2,5,0,0,0,0,0,0,0,0,1,0,0,0,0
2019-12-11,4,6,4,5,4,9,4,0,5,4,5,4,4,5,0,0,2,1,1,0,0,0,2,1,2,1,0,1,0,0,0,0,1,0,0,1,1,0,2,0,0,2,2,0,1,0,0,0,0,2,2,0,2,0,1,0,0
2019-12-12,5,12,4,9,4,12,4,0,5,4,5,5,5,10,8,5,4,6,7,0,3,0,7,3,8,8,0,2,0,0,1,0,2,0,1,6,5,5,5,1,2,3,2,4,0,0,0,0,0,1,1,0,1,0,0,0,0
2019-12-13,3,9,2,5,2,7,2,1,3,3,5,2,3,6,4,1,4,7,3,1,1,1,4,4,4,3,0,0,0,0,0,1,0,0,0,4,4,3,5,2,0,0,5,2,0,0,0,0,0,0,0,0,0,0,0,0,0
2019-12-14,0,1,0,0,0,0,0,0,0,0,0,0,0,0,0,0,0,0,0,0,0,0,0,0,0,0,0,0,0,0,0,0,0,0,0,0,0,0,0,0,0,0,1,0,0,0,0,0,0,0,0,0,0,0,0,0,0
2019-12-15,3,3,3,4,3,5,3,2,3,3,3,3,3,2,2,1,2,1,1,0,0,1,2,1,1,0,0,0,0,0,1,0,0,0,0,1,0,0,2,0,0,0,3,0,0,0,0,0,0,0,0,0,0,0,0,0,0
2019-12-16,2,7,2,4,2,5,2,0,3,2,4,2,2,5,3,2,5,3,5,0,1,0,4,3,4,4,0,4,0,0,0,0,4,0,1,2,3,3,4,0,0,2,0,3,0,0,0,0,0,2,2,0,2,0,0,0,0
2019-12-17,1,4,1,1,1,3,1,1,1,1,2,1,1,2,2,0,2,1,0,0,2,1,4,0,3,3,0,0,0,0,0,1,0,0,1,0,5,4,5,0,0,0,3,3,0,0,0,0,0,0,0,0,0,0,0,0,0
2019-12-18,3,5,3,4,3,9,3,0,5,3,4,3,3,6,3,2,4,3,4,0,0,0,2,2,4,1,0,2,0,0,0,1,2,0,0,2,5,5,3,0,0,1,1,3,0,0,0,0,0,1,1,0,1,0,0,0,0
2019-12-19,1,7,1,3,1,5,1,0,1,1,3,1,1,5,2,0,2,3,0,0,1,0,3,1,4,1,0,0,0,0,0,1,0,0,0,1,5,5,5,1,0,0,2,3,0,0,0,0,0,0,0,0,0,0,0,0,0
2019-12-20,1,3,1,4,1,2,1,0,1,1,1,1,1,2,0,0,0,0,0,0,5,0,6,0,6,5,0,0,0,0,0,0,0,0,0,0,6,6,6,0,0,0,0,6,0,0,0,0,0,0,0,0,0,0,0,0,0
2019-12-21,0,0,0,0,0,0,0,0,0,0,0,0,0,0,0,0,0,0,0,0,0,0,0,0,0,0,0,0,0,0,0,0,0,0,1,0,0,0,0,0,0,0,0,0,0,0,0,0,0,0,0,0,0,0,0,0,0
2019-12-22,0,0,0,0,0,0,0,1,0,0,0,0,0,0,0,0,1,0,0,1,0,0,0,0,0,0,0,0,0,0,0,0,0,0,0,0,0,0,0,0,0,1,2,0,0,0,0,0,0,0,0,0,0,0,0,0,0
2019-12-23,1,2,1,1,1,4,1,0,1,1,1,1,1,3,0,0,0,0,0,0,0,0,0,0,0,0,0,0,0,0,0,0,0,0,0,0,0,0,0,0,0,0,2,0,0,0,0,0,0,0,0,0,0,0,0,0,0
2019-12-26,1,1,1,1,1,1,1,0,1,1,1,1,1,3,0,0,0,0,0,0,0,0,0,0,0,0,0,0,0,0,0,0,0,0,0,0,0,0,0,0,0,0,0,0,0,0,0,0,0,0,0,0,0,0,0,0,0
2019-12-27,0,4,0,0,0,1,0,0,0,0,0,0,0,1,1,0,1,1,0,0,0,0,0,0,0,0,0,0,0,0,0,0,0,0,0,0,1,1,1,0,0,0,1,0,0,0,0,0,0,0,0,0,0,0,0,0,0
2019-12-28,0,1,0,0,0,1,0,0,0,0,1,0,0,1,1,0,1,1,1,0,0,0,0,0,1,0,1,2,1,1,1,1,1,1,1,0,0,0,0,0,0,0,0,0,0,0,0,0,0,0,0,0,0,0,0,0,0
2019-12-29,1,2,1,1,1,4,1,0,1,1,1,1,1,2,0,0,1,0,1,0,1,0,2,0,2,2,0,1,0,0,0,0,1,0,0,0,1,1,2,0,0,1,0,1,0,0,0,0,0,1,1,0,1,0,0,0,0
2019-12-30,0,1,0,0,0,0,0,0,0,0,0,0,0,0,0,0,0,0,0,0,1,0,1,0,1,0,0,0,0,0,0,0,0,0,1,0,1,1,1,0,0,0,0,1,0,0,0,0,0,0,0,0,0,0,0,0,0
2019-12-31,0,1,0,0,0,1,0,0,0,0,0,0,0,1,0,0,0,0,0,0,1,0,0,1,0,0,0,0,0,0,0,0,0,0,1,0,0,0,0,0,1,1,1,0,0,1,0,1,0,1,1,0,1,0,0,0,0
2020-01-01,0,2,0,1,0,2,0,0,0,0,0,0,0,2,1,0,1,1,1,0,1,0,1,0,2,0,0,0,0,0,0,0,0,0,1,0,1,1,1,0,0,0,0,1,0,0,0,0,0,0,0,0,0,0,0,0,0
2020-01-02,0,4,0,1,0,1,0,0,0,0,3,0,0,3,5,4,7,5,6,0,3,0,4,4,5,4,0,1,0,0,0,2,1,0,1,3,4,3,4,3,1,2,0,3,1,1,3,1,0,2,2,0,2,0,0,0,0
2020-01-03,0,4,0,0,0,1,0,0,1,0,1,0,0,7,4,4,4,4,4,0,0,0,0,2,1,0,2,2,2,2,3,2,3,2,2,3,3,2,3,0,0,0,1,2,0,0,0,0,0,0,0,0,0,0,0,0,0
2020-01-04,1,4,1,1,1,3,1,0,1,1,1,1,1,1,1,0,1,1,1,0,1,0,3,0,3,2,0,0,0,0,0,1,0,0,0,0,3,3,3,0,0,0,6,3,0,0,0,0,0,0,0,0,0,0,0,0,0
2020-01-05,4,5,3,4,3,8,3,0,5,3,4,5,4,5,3,2,4,3,2,0,3,0,4,1,5,4,0,2,0,0,0,0,2,0,0,1,6,6,6,0,0,0,2,4,0,0,0,0,0,1,0,1,0,0,0,0,0
2020-01-06,2,25,0,6,0,4,0,2,2,0,3,0,0,12,14,6,27,14,18,0,2,1,20,6,24,11,0,13,0,1,2,3,17,0,0,13,12,11,24,1,1,15,6,8,2,1,0,0,0,15,15,0,15,0,1,1,0
2020-01-07,8,15,6,6,6,10,6,1,7,6,7,7,6,10,6,3,6,6,6,1,4,1,10,2,12,7,0,3,0,0,1,0,4,0,1,5,7,9,10,1,0,2,3,7,0,0,0,0,0,2,2,0,2,0,0,0,0
2020-01-08,4,10,3,5,4,15,3,1,5,3,4,4,4,12,6,4,6,6,5,0,1,0,3,3,6,1,0,1,0,0,0,0,2,0,1,3,8,6,6,0,0,0,3,3,0,0,0,0,0,0,0,0,0,0,0,0,0
2020-01-09,4,8,2,16,2,8,2,1,4,2,3,3,4,9,4,3,4,4,4,0,0,0,6,2,7,2,0,2,0,1,1,1,2,0,1,3,8,6,6,0,0,1,1,6,0,0,0,0,0,2,1,1,1,0,0,0,0
2020-01-10,4,20,3,5,3,7,3,1,3,3,73,3,3,6,10,4,8,8,6,1,3,1,5,2,5,3,0,2,0,0,3,0,1,0,1,2,6,6,6,0,2,0,1,6,0,0,0,0,0,0,0,0,0,0,0,0,0
2020-01-11,1,6,0,2,0,5,0,0,0,0,32,1,0,6,5,3,6,5,3,0,2,0,4,1,4,1,0,1,0,0,1,0,1,0,2,1,9,7,7,0,0,0,0,6,0,0,0,0,0,0,0,0,0,0,0,0,0
2020-01-12,1,6,1,1,1,2,1,0,1,1,23,1,1,5,4,3,6,4,3,0,0,0,0,3,2,0,0,0,0,0,4,0,0,0,0,3,5,5,4,0,0,0,0,4,0,0,0,0,0,0,0,0,0,0,0,0,0
2020-01-13,4,14,4,4,4,12,4,1,4,4,29,4,4,16,10,6,8,9,6,0,3,0,3,3,5,3,0,2,0,0,2,1,2,0,1,5,6,5,4,1,1,0,4,3,0,0,0,0,0,0,0,0,0,0,0,0,0
2020-01-14,3,13,3,3,3,5,3,0,3,3,21,3,3,11,10,7,9,9,7,0,0,0,3,5,7,2,2,3,2,2,8,2,4,2,2,8,7,7,7,0,1,1,1,3,2,1,0,0,0,1,1,0,1,0,0,1,0
2020-01-15,3,10,2,4,2,5,2,0,5,2,15,3,3,4,7,3,5,6,5,0,1,0,4,4,3,3,0,0,0,0,1,1,0,0,1,4,7,6,5,1,2,1,5,5,0,1,0,1,0,1,1,0,1,1,0,0,0
2020-01-16,0,10,0,1,0,2,0,1,0,0,21,0,0,10,2,1,4,1,3,0,4,1,7,2,9,4,1,3,1,1,1,2,3,1,2,2,8,7,8,0,1,3,4,6,1,1,0,1,0,3,3,0,3,0,0,0,0
2020-01-17,1,7,0,0,0,2,0,0,1,0,9,0,0,3,2,1,3,1,1,0,2,0,3,0,4,1,0,1,0,0,0,1,2,0,1,1,3,2,4,0,0,0,0,2,0,0,0,0,0,0,0,0,0,0,0,0,0
2020-01-18,0,1,0,0,0,3,0,0,2,0,1,0,0,4,2,2,2,2,2,0,2,0,1,2,1,1,0,2,0,0,0,0,1,0,1,1,1,1,1,0,1,1,0,1,0,1,0,1,0,1,1,0,1,0,0,0,0
2020-01-19,1,5,0,1,0,2,0,0,1,1,1,0,1,2,2,1,2,3,1,0,2,0,2,2,2,2,0,1,0,0,2,2,1,0,0,2,4,4,4,1,0,0,0,3,0,0,0,0,0,0,0,0,0,0,0,0,0
2020-01-20,3,12,2,3,2,16,1,0,5,1,10,2,2,25,10,5,8,10,7,0,8,0,8,6,9,5,0,4,0,0,2,2,2,0,0,5,8,7,6,1,1,0,10,7,0,0,0,0,0,0,0,0,0,0,0,0,0
2020-01-21,2,8,1,2,1,6,1,0,3,1,14,2,1,10,4,2,2,4,2,0,4,0,7,4,6,6,2,5,2,2,4,4,2,2,3,4,5,5,5,1,3,1,3,5,0,1,0,1,0,1,1,0,1,0,0,0,0
2020-01-22,0,2,0,0,0,2,0,0,0,0,14,0,0,4,1,2,1,1,1,0,1,0,1,1,0,0,0,0,0,0,0,0,0,0,1,2,2,1,2,0,0,0,3,2,0,0,0,0,0,0,0,0,0,0,0,0,0
2020-01-23,0,7,0,1,0,0,0,0,0,0,46,0,0,3,2,1,2,2,1,0,7,0,8,1,9,7,0,1,0,0,4,3,0,0,0,1,15,10,9,0,0,0,1,8,0,0,0,0,0,0,0,0,0,0,0,0,0
2020-01-24,0,8,0,0,0,2,0,0,0,0,12,0,0,6,7,4,6,6,6,0,3,0,3,4,5,3,0,0,0,0,2,0,0,0,0,4,8,7,6,0,1,0,2,6,0,0,0,0,0,0,0,0,0,0,0,0,0
2020-01-25,2,3,2,2,2,5,2,0,2,2,9,2,2,3,1,1,1,1,1,0,1,0,1,0,2,0,0,0,0,0,0,0,0,0,0,0,2,2,1,0,0,0,1,2,0,0,0,0,0,0,0,0,0,0,0,0,0
2020-01-26,2,7,2,2,2,4,2,0,2,2,8,2,2,7,5,4,4,4,4,0,0,0,2,3,2,2,0,0,0,0,0,1,0,0,0,3,4,4,4,0,1,0,0,4,0,0,0,0,0,0,0,0,0,0,0,0,0
2020-01-27,5,15,4,9,4,7,4,0,5,4,16,4,4,13,10,8,10,10,10,0,6,0,6,7,7,4,0,3,0,0,3,3,3,0,0,7,11,10,10,2,0,0,5,8,2,1,0,0,0,0,0,0,0,0,0,1,0
2020-01-28,2,9,2,2,2,10,2,0,2,2,12,2,2,13,4,2,4,4,4,0,3,0,3,0,5,2,0,1,0,0,3,1,1,0,0,0,7,3,3,0,0,0,5,3,2,0,0,0,0,0,0,0,0,0,0,0,0
2020-01-29,0,9,0,2,0,2,0,1,0,0,8,0,0,6,6,4,5,5,6,1,3,0,3,5,4,2,0,3,0,0,0,0,3,0,0,5,6,5,5,1,0,0,4,5,1,0,0,0,0,0,0,0,0,0,0,0,0
2020-01-30,0,6,0,0,0,1,0,0,0,0,8,0,0,4,1,0,1,1,0,0,1,0,1,1,2,0,0,0,0,0,1,0,0,0,0,0,2,2,2,1,0,0,4,1,0,0,0,0,0,0,0,0,0,0,0,0,0
2020-01-31,4,6,3,6,3,8,3,1,4,4,6,3,4,5,1,1,1,3,1,0,0,0,3,5,4,0,0,0,0,0,2,3,1,0,0,6,2,2,3,4,0,1,1,2,0,0,0,0,0,1,1,0,1,0,0,0,0
2020-02-01,4,4,3,7,4,5,3,0,4,3,4,4,4,1,1,0,1,1,1,0,0,0,0,0,0,0,0,0,0,0,0,0,0,0,0,0,0,0,0,0,0,0,0,0,0,0,0,0,0,0,0,0,0,0,0,0,0
2020-02-02,1,5,0,1,0,3,0,0,1,1,4,0,1,4,1,0,0,1,0,0,4,0,2,3,3,2,0,0,0,0,1,1,0,0,2,2,1,1,1,2,2,1,2,1,0,1,0,1,0,1,1,0,1,0,0,0,0
2020-02-03,3,13,3,4,3,6,3,1,7,3,8,3,3,10,7,3,7,7,7,1,0,0,2,5,7,1,0,1,4,0,0,1,2,0,0,4,4,3,2,1,2,0,1,1,0,0,0,0,0,0,0,0,0,0,0,0,0
2020-02-04,1,10,1,3,1,5,1,0,1,1,9,1,1,6,2,1,3,3,3,0,4,0,5,2,6,3,0,0,1,0,1,0,1,0,0,2,6,5,5,0,1,1,5,5,0,0,0,0,0,1,1,0,1,0,0,0,0
2020-02-05,5,10,4,17,4,10,4,3,5,4,16,4,4,7,7,3,7,7,6,0,2,0,4,1,6,2,1,2,2,1,2,2,2,1,0,2,10,9,5,0,0,0,1,8,1,0,0,0,0,0,0,0,0,0,0,0,0
2020-02-06,1,5,1,4,1,7,1,0,1,1,5,1,1,2,3,1,3,3,2,0,2,0,2,1,2,2,0,0,0,0,1,0,0,0,0,1,6,5,4,0,0,0,0,4,0,0,0,0,0,0,0,0,0,0,0,0,0
2020-02-07,4,13,4,6,4,9,4,0,4,4,10,4,4,6,7,1,8,6,5,0,1,0,3,1,5,3,0,2,0,0,1,0,1,0,0,1,6,5,6,0,0,1,3,3,0,0,0,0,0,1,1,0,1,0,0,0,0
2020-02-08,4,7,3,4,4,4,3,2,4,4,10,4,4,0,2,0,2,1,1,1,0,0,1,0,1,1,0,0,0,0,0,0,0,0,0,0,0,0,1,0,0,0,2,0,0,0,0,0,0,0,0,0,0,0,0,0,0
2020-02-09,2,27,1,2,1,11,1,0,2,2,79,1,2,40,6,3,5,6,5,0,1,0,4,2,7,2,0,0,23,0,3,1,0,0,0,1,3,3,2,1,2,0,0,3,0,0,0,0,0,0,0,0,0,0,0,0,0
2020-02-10,3,18,3,6,3,9,3,1,3,3,20,3,3,15,10,7,7,8,7,0,5,0,5,6,9,3,0,3,0,0,1,0,3,0,0,5,8,8,9,1,1,0,6,8,0,0,0,0,0,0,0,0,0,0,0,0,0
2020-02-11,1,11,1,1,1,6,1,0,2,1,14,2,1,14,4,3,3,3,3,0,2,0,4,3,4,0,0,1,4,0,1,1,0,0,2,2,6,4,5,0,1,1,2,5,0,1,0,1,0,1,1,0,1,0,0,0,0
2020-02-12,3,14,1,1,1,5,1,0,2,2,8,1,2,6,6,2,6,7,4,0,4,0,3,2,5,1,0,3,0,0,0,0,3,0,4,1,7,7,7,1,1,1,1,8,0,1,0,1,0,1,1,0,1,0,0,0,0
2020-02-13,2,6,1,4,1,4,1,0,2,2,9,1,2,6,3,2,3,4,4,0,3,0,3,2,3,2,1,2,2,1,1,1,3,1,1,2,2,2,3,1,0,1,3,2,1,0,0,0,0,1,1,0,1,0,0,0,0
2020-02-14,1,13,0,0,0,3,0,4,1,1,3,0,1,8,5,1,5,4,1,0,1,0,5,1,6,3,0,0,2,0,2,0,1,0,0,1,7,6,7,1,0,0,2,3,0,0,0,0,0,0,0,0,0,0,0,0,0
2020-02-15,0,2,0,1,0,3,0,0,0,0,6,0,0,3,1,0,2,3,2,0,0,0,2,2,3,0,0,0,0,0,0,1,0,0,0,1,1,1,1,1,1,0,0,1,0,0,0,0,0,0,0,0,0,0,0,0,0
2020-02-16,0,3,0,0,0,1,0,3,0,0,4,0,0,3,1,0,1,1,1,0,1,0,3,1,4,1,0,0,0,2,0,2,0,0,1,0,2,2,2,0,1,0,1,2,0,0,0,0,0,0,0,0,0,0,0,0,0
2020-02-17,2,2,0,1,1,1,0,1,2,1,11,1,2,0,1,0,1,2,1,0,3,0,0,2,0,0,0,0,0,0,1,0,0,0,1,1,3,1,0,1,1,1,3,1,0,1,0,1,0,1,1,0,1,0,0,0,0
2020-02-18,2,5,2,2,2,4,2,1,2,2,4,2,2,2,1,1,1,1,1,0,1,0,0,1,0,0,0,1,0,0,0,0,1,0,1,0,0,0,0,0,1,1,0,1,0,1,0,1,0,1,1,0,1,0,0,0,0
2020-02-19,1,4,1,3,1,4,1,2,1,1,11,1,1,5,5,1,5,5,3,0,1,0,2,2,5,2,0,0,0,0,1,1,0,0,0,1,7,5,5,0,0,0,1,4,1,1,0,0,0,0,0,0,0,0,0,0,0
2020-02-20,1,2,1,1,1,5,1,2,1,1,9,1,1,4,2,2,2,2,2,0,0,0,1,2,1,1,0,0,0,0,0,1,0,0,0,2,1,0,1,1,0,0,1,0,0,0,0,0,0,0,0,0,0,0,0,0,0
2020-02-21,0,2,0,0,0,4,0,5,0,0,5,0,0,6,4,2,4,4,3,0,1,0,1,3,3,1,0,1,0,1,0,1,1,0,0,2,6,6,4,0,1,1,0,4,0,0,1,1,1,1,1,1,1,0,0,0,0
2020-02-22,1,1,0,1,1,7,0,0,1,1,4,1,1,9,3,1,3,3,2,0,1,0,2,0,1,1,1,1,1,1,1,1,1,1,0,1,3,3,3,0,0,0,1,2,1,0,0,0,0,0,0,0,0,0,0,0,0
2020-02-23,4,7,3,4,3,5,3,2,4,4,8,3,4,5,2,2,2,3,2,0,1,0,1,2,4,0,0,0,0,0,1,0,2,0,0,3,1,0,1,1,0,1,1,0,1,0,0,0,0,1,1,0,1,0,0,0,0
2020-02-24,1,9,1,1,1,6,1,2,2,1,18,2,1,7,4,2,5,4,2,1,2,0,7,2,8,3,0,2,0,0,2,2,3,0,2,3,8,7,9,0,0,2,2,3,1,0,0,0,0,2,2,0,2,0,1,0,0
2020-02-25,6,18,4,4,4,7,4,8,6,6,21,5,6,11,3,1,2,4,2,0,7,0,9,2,18,6,0,0,2,0,1,1,1,0,2,2,10,11,8,2,1,0,4,11,0,0,0,0,0,0,0,0,0,0,0,0,0
2020-02-26,4,10,1,4,3,13,1,8,3,2,22,3,3,23,9,5,9,9,9,0,4,0,3,2,6,2,3,4,6,3,10,3,7,3,3,2,5,6,4,0,0,0,4,8,0,0,0,0,0,0,0,0,0,0,0,0,0
2020-02-27,0,5,0,2,0,8,0,7,0,0,14,0,0,12,8,4,8,8,8,0,2,0,4,3,5,4,1,2,2,1,2,1,2,1,2,3,5,5,4,0,0,0,3,4,2,1,0,0,0,0,0,0,1,0,0,0,0
2020-02-28,2,6,2,4,2,6,2,1,3,2,6,2,2,5,2,1,2,2,2,0,4,0,1,2,3,1,0,0,0,0,0,0,0,0,0,1,2,2,1,0,0,0,6,1,0,0,0,0,0,0,0,0,0,0,0,0,0
2020-02-29,1,4,0,1,1,3,0,0,2,1,8,1,1,3,2,1,2,2,2,0,1,0,1,1,2,1,0,0,0,0,0,0,0,0,0,1,1,1,1,0,0,0,2,1,0,0,0,0,0,0,0,0,0,0,0,0,0
2020-03-01,2,3,1,2,1,2,1,3,2,2,2,1,2,3,0,0,0,1,0,0,1,0,1,1,1,0,0,0,1,0,0,0,0,0,0,1,2,1,1,1,0,0,2,1,1,1,0,0,0,0,0,0,0,0,0,1,0
2020-03-02,8,17,6,6,6,11,6,1,9,7,7,6,7,13,3,1,3,6,2,0,2,0,4,3,3,1,0,2,0,0,2,0,1,0,1,3,5,5,5,1,0,0,3,4,0,0,0,0,0,0,0,0,0,0,0,0,0
2020-03-03,3,17,2,2,2,6,2,2,3,3,5,2,3,5,3,0,2,3,1,0,14,0,4,1,4,2,0,0,2,0,1,0,1,0,10,1,3,3,3,1,1,0,2,2,0,0,0,0,0,0,0,0,0,0,0,0,0
2020-03-04,4,6,3,5,3,6,3,4,4,4,9,3,4,5,2,1,0,2,1,0,2,0,0,2,0,1,0,1,0,0,0,0,0,0,1,2,0,0,0,2,0,0,1,0,0,0,0,0,0,0,0,0,0,0,0,0,0
2020-03-05,1,6,1,2,1,2,1,1,1,1,4,1,1,7,4,3,4,4,4,0,2,0,1,2,2,0,0,1,2,0,0,1,1,0,3,2,4,2,2,0,0,0,1,2,1,0,0,0,0,0,0,0,0,0,0,0,0
2020-03-06,0,6,0,1,0,1,0,0,0,0,0,0,0,8,5,5,3,4,3,0,1,0,2,3,2,1,0,0,0,0,1,1,0,0,2,3,4,4,4,0,1,0,0,2,0,0,0,0,0,0,1,0,1,0,0,0,0
2020-03-07,2,10,1,5,1,8,1,1,2,1,13,2,2,3,6,3,6,6,6,1,1,0,2,1,2,1,0,3,0,0,1,1,2,0,2,1,3,3,3,0,0,0,1,4,0,0,0,0,0,0,0,0,0,0,0,0,0
2020-03-08,0,2,0,0,0,6,0,0,0,0,6,0,0,5,3,2,3,3,2,0,1,0,2,1,2,1,0,1,0,0,0,1,0,0,1,2,2,2,2,0,1,0,0,1,0,0,0,0,0,0,1,0,1,0,0,0,0
2020-03-09,3,5,1,3,2,5,1,3,3,2,8,2,3,7,3,1,3,3,2,0,4,0,4,1,5,3,0,0,1,2,0,0,0,0,0,0,5,4,4,0,0,0,0,4,0,0,0,0,0,0,0,0,0,0,0,0,0
2020-03-10,3,7,3,3,3,7,3,3,4,3,12,3,3,10,5,3,5,5,4,0,0,0,2,4,3,2,0,1,2,0,2,1,1,0,0,4,5,4,3,1,1,0,2,2,0,0,0,0,0,0,1,0,1,0,0,0,0
2020-03-11,1,4,1,2,1,8,1,0,2,1,6,1,1,8,2,2,2,2,1,0,0,0,2,1,3,3,1,3,1,1,2,2,3,1,1,2,3,3,3,0,1,0,0,1,0,0,0,0,0,0,1,0,1,0,0,0,0
2020-03-12,0,4,0,3,0,1,0,5,0,0,2,0,0,3,1,1,1,1,1,0,4,0,1,1,1,1,1,1,1,1,2,1,1,1,4,1,1,1,1,0,0,0,1,1,0,0,0,0,0,0,0,0,0,0,0,0,0
2020-03-13,2,2,1,1,1,4,1,0,2,2,4,1,2,3,3,2,3,4,1,0,1,0,2,2,2,1,0,0,0,0,1,2,0,0,0,3,3,3,3,2,1,0,0,1,0,0,0,0,0,0,1,0,1,0,0,0,0
2020-03-14,1,1,0,0,0,1,0,0,1,1,6,0,1,3,2,2,1,3,0,0,1,0,2,1,2,2,0,0,0,0,1,1,0,0,0,2,2,2,2,1,1,0,3,1,0,0,0,0,0,0,1,0,1,0,0,0,0
2020-03-15,1,6,1,2,1,6,1,1,1,1,4,1,1,5,3,0,2,1,2,0,1,0,4,1,4,5,1,2,1,1,1,1,2,1,1,0,1,2,2,0,2,1,1,1,1,1,0,0,0,1,1,0,1,0,0,0,0
2020-03-16,3,7,3,4,3,5,3,4,4,3,3,3,3,4,7,0,7,7,1,0,3,0,2,1,3,2,0,0,0,0,0,0,0,0,1,0,11,11,9,0,0,0,17,5,0,0,0,0,0,0,0,0,0,0,0,0,0
2020-03-17,2,7,1,1,1,3,1,2,2,2,4,1,2,7,3,1,3,4,3,0,2,0,2,2,5,1,0,1,0,1,1,0,0,0,1,2,4,3,3,1,0,0,7,3,1,0,0,0,0,0,0,0,0,0,0,0,0
2020-03-18,1,10,1,3,1,1,1,1,1,1,3,1,1,6,4,2,3,3,3,0,4,0,6,1,7,5,0,2,1,0,0,0,3,0,0,1,7,7,6,0,1,0,2,8,0,0,0,0,0,0,0,0,0,0,0,0,0
2020-03-19,2,1,1,2,1,2,1,1,3,3,1,1,2,0,0,0,0,1,0,0,1,0,2,1,2,0,0,0,0,0,0,0,0,0,0,1,2,2,2,1,0,0,0,2,0,0,0,0,0,0,0,0,0,0,0,0,0
2020-03-20,3,11,3,3,3,3,3,3,4,3,7,3,3,1,1,0,1,1,1,0,8,0,9,1,9,1,0,0,0,0,0,0,0,0,11,0,9,8,8,0,0,0,0,8,0,0,0,0,0,0,0,0,0,0,0,0,0
2020-03-21,0,3,0,1,0,2,0,0,1,1,0,0,0,1,1,1,1,1,1,0,0,0,1,0,2,0,0,2,0,0,0,0,1,0,0,0,2,2,1,0,0,0,0,3,0,0,0,0,0,0,0,0,0,0,0,0,0
2020-03-22,1,6,1,1,1,1,1,0,1,1,1,1,1,3,0,0,0,0,0,0,3,0,3,0,4,1,0,0,0,0,0,0,0,0,2,0,3,3,3,0,0,0,0,3,0,0,0,0,0,0,0,0,0,0,0,0,0
2020-03-23,0,9,0,1,0,6,0,1,1,1,4,0,1,11,7,5,6,6,5,0,2,0,6,5,8,0,1,1,1,1,2,2,1,1,3,5,9,9,10,1,0,0,1,3,0,0,0,0,0,0,0,0,3,0,0,0,0
2020-03-24,4,10,3,5,3,7,3,2,5,3,8,3,4,10,4,3,4,4,4,2,2,0,1,4,2,1,0,0,2,0,0,0,1,0,0,2,4,5,5,0,0,0,0,5,0,0,0,0,0,0,1,0,0,0,1,0,0
2020-03-25,1,3,1,1,1,10,1,2,1,1,8,1,1,10,3,2,4,4,2,3,1,0,3,1,3,1,0,0,0,0,0,0,0,0,0,1,3,3,5,0,0,0,1,1,0,0,0,0,0,0,0,0,0,0,0,0,0
2020-03-26,1,1,0,1,0,2,0,0,1,1,4,0,1,4,3,2,5,5,5,3,1,0,3,4,3,2,0,1,0,0,0,1,1,0,0,4,1,0,3,2,0,1,0,0,0,0,0,0,0,1,1,0,1,0,0,0,0
2020-03-27,1,3,0,1,0,2,0,0,1,1,9,0,1,4,1,1,1,2,0,0,1,0,0,1,0,0,1,1,1,1,1,1,1,1,2,2,2,1,1,1,0,0,1,0,0,0,0,0,0,0,0,0,0,0,0,0,0
2020-03-28,1,0,0,0,0,3,0,1,1,1,4,0,1,3,0,0,0,1,0,0,0,0,0,1,0,0,0,0,0,0,0,0,0,0,0,1,0,0,0,1,0,0,0,0,0,0,0,0,0,0,0,0,0,0,0,0,0
2020-03-29,1,1,1,2,1,1,1,0,1,1,4,1,1,1,0,0,0,0,0,0,0,0,0,0,1,0,0,0,0,0,0,0,0,0,0,0,1,1,0,0,0,0,1,1,0,0,0,0,0,0,0,0,0,0,0,0,0
2020-03-30,0,5,0,1,0,7,0,0,0,1,4,0,0,11,2,2,2,2,2,0,1,0,2,2,4,2,0,0,1,0,4,0,1,0,1,2,5,6,4,0,0,0,3,6,0,0,0,0,0,0,0,0,0,0,0,0,0
2020-03-31,5,18,5,6,5,7,5,1,5,5,27,5,5,4,3,1,2,2,3,8,8,0,2,1,3,1,0,0,0,0,0,0,0,0,7,1,3,2,1,0,1,2,18,2,1,0,1,1,1,1,1,1,1,0,0,0,0
2020-04-01,1,7,0,0,0,4,0,0,0,0,11,0,0,9,3,1,4,3,4,1,4,0,5,1,9,4,0,1,2,0,1,0,3,0,1,2,8,6,5,0,0,2,12,6,1,0,0,0,0,2,2,0,2,0,0,0,0
2020-04-02,2,9,1,1,1,3,1,2,1,1,18,2,1,3,4,2,6,6,4,4,5,1,6,1,7,3,0,0,0,0,1,0,0,0,2,1,3,6,5,0,1,0,6,3,0,0,0,0,0,0,0,0,0,0,0,0,0
2020-04-03,3,4,1,2,1,4,1,0,3,3,9,1,3,6,2,0,1,2,0,0,0,0,2,2,1,1,1,1,1,1,1,2,2,1,1,2,2,2,2,2,1,0,1,0,0,0,0,0,0,0,0,0,0,0,0,0,0
2020-04-04,0,1,0,0,0,1,0,0,0,0,8,0,0,1,0,0,0,0,0,1,4,0,3,0,4,3,0,0,0,0,0,0,0,0,1,0,4,4,3,0,0,0,1,4,0,0,0,0,0,0,0,0,0,0,0,0,0
2020-04-05,2,2,0,1,1,2,0,0,1,1,6,1,1,3,3,2,3,3,3,1,1,0,0,0,0,0,1,1,1,1,2,1,1,1,1,1,0,0,0,0,0,0,0,1,1,0,0,0,0,0,0,0,0,0,0,0,0
2020-04-06,0,0,0,0,0,2,0,1,0,0,6,0,0,2,0,0,0,0,0,0,1,0,0,0,0,0,0,0,0,0,0,0,0,0,0,0,0,0,0,0,0,0,4,0,0,0,0,0,0,0,0,0,0,0,0,0,0
2020-04-07,0,121,0,0,0,3,0,0,0,0,14,0,0,7,0,0,0,0,0,120,127,0,8,0,8,8,0,0,0,0,0,0,0,0,121,0,7,7,8,0,0,0,9,7,0,0,0,0,0,0,0,0,0,0,0,0,0
2020-04-08,0,82,0,0,0,7,0,0,0,0,7,0,0,8,2,2,2,2,2,80,82,0,3,2,3,1,0,0,0,0,1,0,0,0,82,2,5,5,5,0,0,0,4,5,0,0,0,0,0,0,0,0,0,0,0,0,0
2020-04-09,0,21,0,0,0,5,0,0,0,0,3,0,0,6,2,0,2,2,1,20,21,0,0,1,0,0,1,1,1,1,1,1,1,1,26,0,0,0,0,0,1,1,3,0,0,0,1,1,1,1,1,1,1,0,0,0,0
2020-04-10,0,10,0,0,0,2,0,0,0,0,1,0,0,3,1,0,1,1,0,9,10,0,1,0,1,1,0,0,1,0,0,0,0,0,9,0,2,2,2,0,0,0,5,1,0,0,0,0,0,0,0,0,0,0,0,0,0
2020-04-11,0,2,0,0,0,1,0,0,0,0,3,0,0,2,0,0,0,0,0,0,0,0,0,0,1,0,0,0,0,0,0,0,0,0,0,0,0,0,0,0,0,0,0,0,0,0,0,0,0,0,0,0,0,0,0,0,0
2020-04-12,1,4,1,1,1,2,1,2,1,1,1,1,1,2,1,1,1,1,1,2,2,0,1,1,1,0,0,0,0,0,0,0,0,0,2,1,0,0,1,0,0,0,3,0,0,0,0,0,0,0,0,0,0,0,0,0,0
2020-04-13,1,11,0,4,0,6,0,0,1,0,3,1,1,6,4,1,2,6,3,7,7,0,4,5,4,2,0,0,0,0,0,0,0,0,8,5,1,1,4,4,1,0,4,1,0,0,0,0,0,0,0,0,0,0,0,0,0
2020-04-14,3,18,2,2,2,2,2,0,3,3,9,2,3,1,1,1,1,2,1,10,12,0,2,2,2,1,0,0,0,0,1,0,0,0,11,2,4,4,3,1,0,0,6,4,1,1,0,0,0,0,0,0,0,0,0,1,0
2020-04-15,3,4,0,1,1,2,0,0,2,2,7,1,2,4,4,2,4,5,4,3,6,0,3,1,3,2,0,0,1,0,1,1,0,0,4,1,3,3,3,1,0,0,0,4,0,0,0,0,0,0,0,0,0,0,0,0,0
2020-04-16,3,10,1,1,1,10,1,1,4,4,4,1,4,11,1,1,1,3,1,6,6,0,2,3,1,0,0,0,0,0,1,0,0,0,6,3,3,3,3,2,0,0,4,3,0,0,0,0,0,0,0,0,0,0,0,0,0
2020-04-17,1,9,1,2,1,6,1,1,1,1,9,1,1,6,3,2,2,3,2,5,9,0,9,2,8,5,1,2,1,1,1,2,2,1,6,2,8,8,9,1,1,0,4,7,0,0,0,0,0,0,0,0,0,0,0,0,0
2020-04-18,1,4,0,2,1,4,0,0,1,1,3,1,1,3,1,0,1,1,1,2,2,0,0,0,0,0,0,0,0,0,0,0,0,0,2,0,0,0,0,0,0,0,2,0,0,0,0,0,0,0,0,0,0,0,0,0,0
2020-04-19,0,14,0,0,0,0,0,0,1,0,1,0,0,1,2,1,2,2,2,12,13,0,2,2,2,1,0,0,0,0,0,0,0,0,12,1,2,2,2,0,0,0,3,2,0,0,0,0,0,0,0,0,0,0,0,0,0
2020-04-20,0,44,0,1,0,1,0,0,0,0,10,0,0,5,5,5,6,5,6,43,41,0,4,3,4,3,1,5,1,1,1,1,5,1,39,5,6,6,7,0,0,1,0,5,1,0,0,0,0,2,2,0,1,0,0,0,0
2020-04-21,2,50,2,3,2,14,2,2,2,2,9,2,2,15,2,1,2,2,2,39,39,0,0,1,6,0,0,1,0,0,0,0,0,0,39,1,2,3,2,0,0,0,8,1,0,0,0,0,0,0,0,0,0,0,0,0,0
2020-04-22,1,34,1,3,1,8,1,0,1,1,10,2,1,12,4,1,5,4,4,21,23,0,5,1,8,5,0,1,2,0,2,0,1,0,20,1,8,8,8,0,0,1,2,6,0,0,0,0,0,1,1,0,1,0,0,0,0
2020-04-23,4,25,4,5,4,6,4,2,4,4,15,4,4,2,2,1,3,2,1,8,12,0,4,1,2,3,0,1,0,0,0,0,1,0,8,1,6,6,7,0,0,0,3,3,0,0,0,0,0,0,0,0,0,0,0,0,0
2020-04-24,1,5,1,1,1,2,1,1,1,1,5,1,1,2,0,0,1,0,1,1,2,0,2,0,2,2,0,1,0,0,1,0,1,0,1,0,2,2,2,0,0,1,1,2,0,0,0,0,0,1,1,0,1,0,0,0,0
2020-04-25,0,2,0,0,0,1,0,0,0,0,1,0,0,1,0,0,0,0,0,1,1,0,0,0,0,0,0,0,0,0,0,0,0,0,1,0,0,0,0,0,0,0,0,0,0,0,0,0,0,0,0,0,0,0,0,0,0
2020-04-26,1,1,0,0,0,1,0,1,1,1,1,0,1,3,1,1,1,2,0,1,1,0,1,1,2,1,0,0,0,0,0,1,0,0,1,2,2,2,1,1,1,0,2,1,0,0,0,0,0,0,1,0,1,0,0,0,0
2020-04-27,3,20,2,4,2,7,2,2,3,3,10,2,3,10,2,2,2,3,2,9,14,0,2,4,3,2,0,0,0,0,2,0,0,0,10,3,4,4,4,1,1,1,4,4,0,1,0,1,0,1,1,0,1,0,0,0,0
2020-04-28,2,11,1,1,1,3,1,1,2,2,12,1,2,5,5,1,5,6,5,3,6,0,3,2,7,3,1,5,1,1,1,1,1,1,4,2,3,3,3,1,1,1,6,3,2,1,0,1,0,1,2,0,1,0,1,0,0
2020-04-29,3,4,1,2,1,4,1,0,2,2,14,1,2,4,1,0,1,2,1,2,4,0,2,1,3,2,0,1,0,0,0,0,0,0,1,1,3,3,2,1,0,0,1,3,1,1,0,0,0,0,0,0,0,0,0,1,0
2020-04-30,3,7,0,0,0,2,0,0,4,2,12,0,2,3,0,0,0,3,0,4,5,0,1,3,2,1,1,1,1,1,2,1,1,1,6,3,1,1,1,3,0,0,3,1,0,0,0,0,0,0,0,0,0,0,0,0,0
2020-05-01,2,7,2,3,2,9,2,0,4,4,15,2,2,9,4,4,5,4,5,2,3,0,2,3,2,2,0,6,2,0,3,0,6,0,2,4,4,2,5,0,0,1,2,2,0,0,0,0,0,1,1,0,1,0,0,0,0
2020-05-02,1,4,1,1,1,3,1,0,2,1,4,1,1,2,4,1,4,4,4,0,0,0,0,2,0,0,0,0,0,0,0,0,0,0,0,1,0,0,0,0,1,1,2,0,0,0,1,1,1,1,1,1,1,0,0,0,0
2020-05-03,0,1,0,0,0,1,0,1,0,0,5,0,0,1,0,0,0,0,0,0,1,0,1,0,1,1,0,0,0,0,1,1,0,0,0,0,2,2,1,0,0,0,1,2,0,0,0,0,0,0,0,0,0,0,0,0,0
2020-05-04,6,11,5,2,5,15,1,1,6,2,15,5,6,11,6,3,8,5,3,3,13,0,10,5,9,8,0,0,0,0,1,5,0,0,5,4,11,11,10,2,3,1,3,9,1,2,0,1,0,1,1,0,1,0,0,1,0
2020-05-05,3,8,3,5,3,6,3,5,5,5,13,3,3,2,4,2,5,3,3,3,6,0,4,2,7,2,0,1,1,0,1,1,1,0,2,2,8,7,6,0,0,1,7,7,0,0,0,0,0,0,0,0,0,0,0,0,0
2020-05-06,0,1,0,0,0,3,0,2,0,1,10,0,0,6,1,2,2,2,2,1,2,0,2,1,3,1,0,0,1,0,0,0,0,0,1,0,2,2,2,0,0,0,3,2,1,1,0,0,0,0,0,1,0,0,0,1,0
2020-05-07,0,8,0,0,0,5,0,1,2,0,5,0,0,6,3,2,3,3,2,6,7,0,1,2,2,1,0,0,1,0,0,0,0,0,9,2,3,3,2,0,0,0,6,2,0,0,0,0,0,0,0,0,0,0,0,0,0
2020-05-08,2,5,2,2,2,4,2,0,2,2,5,2,2,2,0,0,0,0,0,2,2,0,0,0,1,0,0,0,0,0,0,0,0,0,3,0,0,0,0,0,0,0,2,0,0,0,0,0,0,0,0,0,0,0,0,0,0
2020-05-09,1,2,1,1,1,3,1,0,2,2,3,1,1,1,0,0,0,0,0,1,2,0,1,0,1,1,0,0,0,0,0,0,0,0,1,0,1,1,1,0,0,0,1,1,0,0,0,0,0,0,0,0,0,0,0,0,0
2020-05-10,2,5,2,4,2,4,2,1,2,2,4,2,2,1,1,1,1,1,1,1,2,0,1,1,1,1,0,0,0,0,0,1,0,0,1,1,1,1,1,1,0,0,3,1,0,0,0,0,0,0,0,0,0,0,0,0,0
2020-05-11,5,42,3,3,3,4,3,0,7,5,8,3,5,6,3,1,3,5,3,4,10,0,8,5,9,8,0,0,0,0,2,0,0,0,10,3,8,8,7,2,0,0,5,8,0,0,0,0,0,0,0,0,0,0,0,0,0
2020-05-12,2,11,0,2,0,8,0,2,2,2,10,0,1,12,6,4,6,7,4,3,6,0,7,4,8,5,0,2,0,0,1,2,2,0,7,5,8,8,9,2,1,0,7,6,0,0,0,0,0,0,2,0,1,0,1,0,0
2020-05-13,0,13,0,2,0,6,0,1,0,0,6,0,0,9,5,1,5,5,3,4,11,1,6,2,8,8,0,0,0,1,1,2,1,0,3,1,10,12,10,0,0,0,6,8,1,1,0,0,0,0,0,0,0,0,0,0,0
2020-05-14,6,12,2,2,2,9,2,0,5,5,14,2,4,12,7,5,7,9,7,2,2,0,1,4,2,1,0,0,1,0,1,2,0,0,4,4,4,4,4,2,0,0,4,5,0,0,0,0,0,0,0,0,0,0,0,0,0
2020-05-15,2,6,2,2,2,2,2,0,2,2,5,2,2,0,2,0,2,2,0,3,4,0,1,0,1,1,0,0,0,0,0,0,0,0,5,0,3,3,3,0,0,0,5,1,0,0,0,0,0,0,0,0,0,0,0,0,0
2020-05-16,0,3,0,0,0,0,0,0,0,1,2,0,0,2,2,1,0,2,1,0,1,0,0,2,2,0,0,0,0,0,0,1,0,0,1,0,0,0,0,0,1,1,1,0,0,1,0,1,0,1,1,0,1,0,0,0,0
2020-05-17,0,5,0,0,0,3,0,0,1,0,3,0,0,5,5,1,6,6,2,0,2,0,3,1,3,2,0,1,0,2,0,0,1,0,0,1,7,7,7,0,0,0,0,2,0,0,0,0,0,0,0,0,0,0,0,0,0
2020-05-18,10,19,9,9,10,17,8,1,10,9,26,10,10,12,5,3,6,6,5,0,5,0,5,2,7,5,2,2,2,2,3,3,2,2,6,3,7,9,7,0,0,0,9,7,1,0,0,0,0,0,0,0,0,0,0,0,0
2020-05-19,2,7,1,1,1,7,1,0,4,2,7,1,1,6,2,2,2,2,2,3,8,0,4,2,7,4,0,0,0,0,0,2,0,0,12,2,5,6,5,0,0,0,7,5,0,0,0,0,0,0,0,0,0,0,0,0,0
2020-05-20,4,7,1,4,2,4,1,3,4,3,11,2,3,2,1,0,1,2,1,2,4,0,4,1,4,2,0,0,0,0,0,0,0,0,8,1,5,5,5,1,0,0,15,5,0,0,0,0,0,0,0,0,0,1,0,0,0
2020-05-21,1,9,0,1,0,6,0,2,1,1,23,0,1,8,2,2,2,3,2,2,2,0,1,3,2,0,0,0,0,0,1,0,1,0,8,4,4,5,4,1,0,1,15,4,0,0,0,0,0,1,1,0,1,0,0,0,0
2020-05-22,2,2,0,0,0,5,0,3,3,2,6,0,2,7,4,3,4,5,3,1,1,0,0,2,0,0,1,2,1,1,1,1,2,1,2,3,2,2,2,1,0,0,8,0,1,0,0,0,0,0,0,0,0,0,0,0,0
2020-05-23,0,2,0,0,0,3,0,0,0,0,7,0,0,3,2,3,2,2,2,1,3,0,0,2,0,0,0,2,0,0,0,0,2,0,2,3,0,0,0,0,0,0,2,0,0,0,0,0,0,0,0,0,0,0,0,0,0
2020-05-24,2,2,1,2,1,1,1,0,2,2,5,1,2,1,0,0,0,1,0,1,1,0,1,1,2,0,0,1,0,0,0,0,1,0,2,1,2,3,2,1,0,0,4,2,0,0,0,0,0,0,0,0,0,0,0,0,0
2020-05-25,3,4,1,1,1,4,1,0,3,3,3,1,3,4,1,1,1,3,1,1,1,0,0,4,0,0,0,0,0,0,2,0,0,0,1,4,1,1,1,3,0,0,0,1,0,0,0,0,0,0,0,0,0,0,0,0,0
2020-05-26,1,4,1,1,1,4,1,1,1,1,5,1,1,3,0,0,0,0,0,1,3,0,2,0,2,2,0,0,0,0,0,0,0,0,1,0,2,2,2,0,0,0,2,2,0,0,0,0,0,0,0,0,0,0,0,0,0
2020-05-27,0,7,0,1,0,0,0,0,0,0,2,0,0,1,1,1,1,1,1,4,4,0,0,1,0,0,0,0,0,0,0,1,1,0,4,1,2,2,1,0,0,0,3,2,0,0,0,0,0,0,0,0,0,0,0,0,0
2020-05-28,0,4,0,0,0,2,0,2,0,0,6,0,0,3,0,0,0,0,0,3,5,0,2,0,2,2,0,0,0,0,0,0,0,0,3,0,2,2,2,0,0,0,3,2,0,0,0,0,0,0,0,0,0,0,0,0,0
2020-05-29,2,4,1,1,1,4,1,0,2,2,24,1,2,3,0,0,0,1,0,2,3,0,1,1,1,1,0,0,0,0,1,0,0,0,2,1,1,1,1,1,0,0,0,1,0,0,0,0,0,0,0,0,0,0,0,0,0
2020-05-30,0,4,0,1,0,0,0,1,0,0,5,0,0,1,1,1,1,1,1,2,1,0,0,1,0,0,0,0,0,0,0,0,0,0,1,1,1,1,1,0,0,0,2,1,0,0,0,0,0,0,0,0,0,0,0,0,0
2020-05-31,2,3,0,5,0,5,0,0,2,2,3,0,2,5,1,0,1,2,0,1,1,0,1,3,1,1,0,1,0,0,1,1,1,0,1,3,0,0,1,3,0,0,2,0,0,0,0,0,0,0,0,0,0,0,0,0,0
2020-06-01,0,4,0,0,0,4,0,3,0,0,13,0,0,4,3,1,3,3,1,2,3,0,3,1,3,1,0,1,1,0,1,1,0,0,3,1,4,4,5,0,0,0,2,2,0,0,0,0,0,0,0,0,0,0,0,0,0
2020-06-02,1,7,0,0,0,3,0,1,1,0,11,0,0,6,5,2,5,5,3,2,7,0,6,1,8,4,1,1,1,1,2,2,2,1,3,2,6,7,8,0,0,0,7,6,1,0,0,0,0,0,0,0,0,0,0,0,0
2020-06-03,4,7,3,4,3,6,3,0,4,4,11,3,4,8,2,0,2,3,0,1,8,0,6,1,7,6,3,3,3,3,3,3,4,3,4,1,10,10,7,1,0,0,3,9,0,0,0,0,0,0,0,0,0,0,0,0,0
2020-06-04,3,8,1,2,1,3,1,0,3,1,20,1,2,9,8,6,8,8,8,1,3,0,5,6,5,2,0,3,0,0,4,1,3,0,1,6,7,7,7,0,0,0,3,5,0,0,0,0,0,0,0,0,0,0,0,0,0
2020-06-05,1,4,0,1,0,4,0,0,1,0,15,0,0,5,3,2,3,2,2,2,4,0,4,2,6,4,0,1,0,0,1,0,1,0,2,2,5,5,6,0,0,0,5,5,1,1,0,0,0,0,0,0,0,0,0,1,0
2020-06-06,2,0,0,0,0,2,0,0,2,0,0,0,1,5,3,2,3,3,2,0,0,0,1,1,1,0,0,1,0,0,2,1,1,0,0,1,1,1,2,0,0,0,4,0,0,0,0,0,0,0,0,0,0,0,0,0,0
2020-06-07,0,2,0,0,0,0,0,0,0,0,3,0,0,0,0,0,0,0,0,1,3,0,1,0,2,0,0,0,0,0,1,0,0,0,2,0,1,1,1,0,0,0,1,1,0,0,0,0,0,0,0,0,0,0,0,0,0
2020-06-08,0,5,0,0,0,2,0,1,0,0,6,0,0,5,3,2,3,3,2,1,5,0,0,1,2,0,1,1,2,1,2,1,1,1,6,2,4,3,2,0,0,0,6,3,1,0,0,0,0,0,0,0,0,0,0,0,0
2020-06-09,1,4,0,2,0,0,0,1,1,0,6,0,0,4,2,1,2,2,1,3,5,0,5,1,5,3,0,2,1,0,2,2,1,0,4,1,6,6,6,0,0,0,3,4,1,1,0,0,0,0,0,0,0,0,0,1,0
2020-06-10,3,6,2,2,1,3,1,0,3,2,6,1,3,4,2,1,0,2,1,2,2,0,3,3,5,3,0,0,0,0,1,1,0,0,3,2,1,1,2,1,1,0,4,1,0,0,0,0,0,0,0,0,0,0,0,0,0
2020-06-11,1,8,0,3,1,8,0,0,2,1,5,1,1,13,7,3,7,7,7,3,3,0,2,4,2,2,0,0,1,0,2,0,0,0,4,3,4,4,4,0,0,0,4,4,0,0,0,0,0,0,0,0,0,0,0,0,0
2020-06-12,0,3,1,1,0,2,0,0,0,0,4,0,0,3,1,2,1,1,1,1,2,0,0,1,0,0,0,0,0,0,0,2,0,0,2,2,0,0,0,1,0,0,1,0,0,0,0,0,0,0,0,0,0,0,0,0,0
2020-06-13,1,7,1,2,1,1,1,0,1,1,5,1,1,4,0,0,0,0,0,2,4,0,3,0,8,2,0,0,0,0,0,3,0,0,3,0,2,2,3,0,0,0,0,2,1,1,0,0,0,0,0,0,0,0,0,1,0
2020-06-14,5,11,2,4,2,7,2,0,5,3,6,4,5,7,4,1,4,4,3,0,1,0,2,1,4,2,0,0,0,1,1,0,1,0,0,1,2,3,3,0,0,0,3,3,0,0,0,0,0,0,0,0,0,0,0,0,0
2020-06-15,4,10,2,7,2,6,2,2,5,5,7,2,4,6,2,0,1,3,1,6,7,0,3,2,5,3,0,2,2,0,0,0,1,0,8,2,2,3,3,1,0,0,4,3,0,0,0,0,0,0,1,0,1,0,1,0,0
2020-06-16,2,18,1,4,1,6,1,0,3,2,14,2,1,7,7,4,6,7,7,7,12,0,6,4,8,3,0,6,3,0,1,2,3,0,10,3,9,8,8,0,1,1,6,8,0,1,0,1,0,1,1,0,2,1,0,0,0
2020-06-17,0,13,0,1,0,3,0,2,1,0,10,0,0,7,3,3,3,3,3,6,6,0,0,3,2,0,0,0,0,0,1,1,0,0,8,3,4,4,2,0,0,0,11,3,0,0,0,0,0,0,0,0,0,0,0,0,0
2020-06-18,3,4,1,1,1,6,1,2,3,3,19,1,3,10,2,1,2,4,1,4,2,0,2,2,3,1,2,2,2,2,2,2,2,2,3,3,3,2,1,2,0,0,5,2,2,0,0,0,0,0,1,0,0,0,1,0,0
2020-06-19,3,9,1,2,1,6,1,0,4,2,7,1,2,5,4,2,4,5,3,3,5,0,1,2,3,2,0,1,0,0,0,2,2,0,3,2,2,2,1,1,0,1,2,2,0,0,0,0,0,1,1,0,1,0,0,0,0
2020-06-20,14,28,12,17,12,15,12,1,14,13,46,12,13,7,8,4,8,6,4,7,11,0,10,4,11,9,0,0,1,0,1,2,1,0,5,4,9,8,13,2,0,0,12,5,1,1,0,0,0,0,0,0,0,0,0,1,0
2020-06-21,3,7,1,1,1,5,1,0,1,2,10,1,1,7,4,0,4,4,2,4,2,0,1,0,2,1,0,1,0,0,1,1,1,0,2,0,3,3,2,0,0,0,0,2,0,0,0,0,0,0,0,0,0,0,0,0,0
2020-06-22,9,20,6,9,6,11,6,1,8,9,34,6,7,10,6,4,6,7,5,7,9,0,1,4,3,0,0,0,0,0,4,1,0,0,8,4,7,6,4,1,0,0,106,6,0,0,0,0,0,0,0,0,0,0,0,0,0
2020-06-23,2,7,4,4,4,10,2,4,4,4,24,4,4,10,4,0,4,4,3,5,7,0,5,0,3,3,0,2,2,2,1,2,2,0,5,0,5,6,7,0,0,0,90,3,0,0,0,0,0,0,0,0,0,0,0,0,0
2020-06-24,3,8,2,3,2,7,2,0,3,3,14,2,3,9,6,2,6,7,5,2,5,0,2,3,3,2,0,0,0,0,0,1,0,0,3,3,3,3,4,1,1,1,25,2,0,0,1,1,1,1,1,1,1,0,0,0,0
2020-06-25,2,10,0,1,0,1,0,1,2,1,6,0,1,3,2,0,1,3,1,6,9,0,6,2,8,6,0,0,1,0,0,0,0,0,7,1,4,5,4,1,1,2,13,4,1,1,0,1,0,1,2,0,2,0,0,0,0
2020-06-26,6,9,2,4,2,6,2,0,5,4,10,3,5,10,5,4,7,7,7,2,4,0,5,3,5,4,1,3,1,1,6,1,3,1,3,4,4,5,6,1,0,3,9,5,2,0,0,0,0,2,3,0,3,0,0,0,0
2020-06-27,1,2,1,1,1,4,1,0,1,1,4,1,1,1,0,0,0,0,0,0,1,0,1,0,1,1,0,0,0,0,0,0,0,0,0,0,1,1,1,0,0,0,10,1,0,0,0,0,0,0,0,0,0,0,0,0,0
2020-06-28,6,4,2,2,2,4,2,0,3,3,3,2,3,5,4,3,4,5,3,2,2,0,0,1,0,0,0,0,0,0,3,0,0,0,2,1,1,1,1,1,0,0,6,3,0,0,0,0,0,0,0,0,0,0,0,0,0
2020-06-29,5,8,2,6,2,9,2,1,4,4,13,2,4,12,6,5,6,7,5,3,2,0,2,4,4,2,0,0,0,0,3,1,0,0,2,4,7,8,7,0,0,1,7,6,1,0,0,0,0,0,1,0,1,0,0,0,0
2020-06-30,3,10,1,5,1,10,1,0,3,3,33,1,3,12,8,5,7,8,6,4,7,0,8,4,9,8,1,2,1,1,3,1,4,1,3,4,8,10,10,1,1,2,9,8,3,0,0,0,0,0,2,0,2,0,0,0,0
2020-07-01,3,9,1,3,1,7,1,0,4,4,14,1,3,11,3,1,3,5,1,5,6,0,7,1,9,6,0,0,0,0,2,1,0,0,4,1,8,10,9,0,0,2,6,7,2,0,0,0,0,0,2,0,2,0,0,0,0
2020-07-02,2,9,2,2,2,7,1,1,3,3,17,2,3,7,4,2,4,4,3,1,5,0,6,3,7,4,0,1,1,1,1,2,2,0,1,4,7,7,7,1,0,1,11,7,0,0,0,0,0,1,1,0,1,0,0,0,0
2020-07-03,6,16,0,7,1,12,0,0,6,4,39,1,5,22,10,9,10,14,10,5,10,0,17,8,21,13,1,2,1,1,8,5,2,1,3,9,20,24,22,0,0,4,9,22,5,0,0,0,0,0,4,0,4,0,0,0,0
2020-07-04,3,10,1,4,1,3,1,0,3,3,14,1,3,4,4,3,4,6,4,5,4,0,1,4,2,1,0,1,0,0,2,0,1,0,4,4,5,5,4,1,0,1,2,4,1,0,0,0,0,0,1,0,1,0,0,0,0
2020-07-05,1,4,1,1,1,4,1,0,1,1,7,1,1,5,1,1,1,1,1,2,2,0,1,0,1,0,0,0,0,0,0,0,0,0,3,0,1,1,1,0,0,0,2,1,0,0,0,0,0,0,0,0,0,1,0,0,0
2020-07-06,1,10,1,3,1,3,1,1,3,1,16,2,1,6,12,10,13,12,13,1,5,0,9,9,12,8,0,4,0,0,1,1,5,0,3,10,15,14,16,0,1,2,14,14,0,0,1,1,1,2,2,1,2,1,0,0,0
2020-07-07,6,19,1,4,1,10,1,1,6,3,16,2,5,16,12,10,12,14,11,4,8,0,5,11,6,5,0,2,0,0,6,0,4,0,5,10,12,12,12,2,1,1,7,12,1,2,0,1,0,1,1,0,1,0,0,1,0
2020-07-08,0,19,0,0,0,5,0,0,0,0,19,0,0,19,12,11,12,12,11,4,6,0,1,9,3,1,0,0,0,0,4,0,1,0,4,9,15,15,11,0,0,0,4,12,0,0,0,0,0,0,0,0,0,0,0,0,0
2020-07-09,1,9,0,1,0,5,0,2,4,2,17,0,1,9,9,6,10,10,7,1,5,0,6,4,8,5,1,3,2,1,2,1,5,1,3,5,12,11,13,1,0,1,13,9,0,0,0,0,0,1,1,0,1,0,0,0,0
2020-07-10,4,11,3,4,3,7,3,0,5,4,13,3,4,3,3,1,3,4,2,2,5,0,3,1,5,3,0,0,0,0,0,0,1,0,2,2,7,5,4,1,0,0,7,5,0,0,0,0,0,0,0,0,0,0,0,0,0
2020-07-11,0,0,0,1,0,4,0,0,0,0,1,0,0,5,0,0,0,0,0,1,0,0,0,0,0,0,0,0,0,0,0,0,0,0,0,0,0,0,0,0,0,0,0,0,0,0,0,0,0,0,0,0,0,0,0,0,0
2020-07-12,1,3,1,3,1,10,1,0,1,1,2,1,1,10,2,2,2,2,1,1,1,0,2,1,2,2,0,1,0,0,0,1,1,0,1,2,3,3,3,0,1,0,0,1,0,0,0,0,0,0,1,0,1,0,0,0,0
2020-07-13,2,9,2,4,2,6,2,0,3,2,11,2,2,6,3,2,3,3,2,4,7,0,2,2,4,1,0,1,0,0,0,0,2,0,5,2,9,8,5,0,0,0,6,6,0,0,0,0,0,0,0,0,0,0,0,0,0
2020-07-14,5,11,3,4,3,10,2,0,4,4,20,3,4,12,15,6,15,16,9,3,1,0,5,3,7,3,0,1,1,1,4,2,1,0,4,3,13,14,14,0,0,1,8,9,1,0,0,0,0,0,1,0,1,1,0,0,0
2020-07-15,1,6,0,0,0,1,0,0,1,1,7,0,1,6,5,4,5,6,4,3,4,0,2,5,2,2,0,1,0,0,4,0,1,0,1,5,7,7,7,1,0,0,3,6,0,0,0,0,0,0,0,0,0,0,0,0,0
2020-07-16,2,11,1,4,2,3,1,0,2,2,10,2,2,6,9,5,8,10,6,3,7,0,5,6,8,5,0,1,0,0,1,2,2,0,4,8,9,9,10,2,1,1,3,7,0,0,0,0,0,1,1,0,1,0,0,0,0
2020-07-17,4,8,1,1,1,5,1,1,3,2,32,1,2,9,7,4,7,8,6,1,2,0,3,5,5,3,0,0,0,1,2,1,0,0,1,4,9,9,7,1,0,0,3,8,0,0,0,0,0,0,0,0,0,0,0,0,0
2020-07-18,1,1,0,0,0,0,0,0,1,1,2,0,1,0,0,0,0,1,0,1,1,0,0,1,0,0,0,0,0,0,1,0,0,0,1,1,0,0,0,1,0,0,2,0,0,0,0,0,0,0,0,0,0,0,0,0,0
2020-07-19,0,3,0,0,0,3,0,0,0,0,4,0,0,5,0,0,0,0,0,0,0,0,2,0,2,0,0,0,0,1,0,1,0,0,0,0,3,3,3,0,0,0,0,3,0,0,0,0,0,0,0,0,0,0,0,0,0
2020-07-20,0,6,0,1,0,2,0,1,0,0,22,0,0,6,6,4,5,5,5,1,1,0,1,4,1,0,0,1,0,0,3,0,1,0,1,4,4,4,5,0,0,0,0,4,0,0,0,0,0,0,0,0,0,0,0,0,0
2020-07-21,3,6,3,3,3,8,3,2,3,3,14,3,3,6,3,3,3,3,3,1,1,0,2,1,2,2,0,1,0,0,1,0,1,0,1,1,3,3,2,0,0,0,1,3,0,0,0,0,0,0,0,0,0,0,0,0,0
2020-07-22,0,2,0,0,0,1,0,0,0,0,4,0,0,3,3,2,3,3,2,0,0,0,1,2,1,1,0,0,0,0,2,0,0,0,0,2,5,5,4,0,0,0,1,4,0,0,0,0,0,0,0,0,0,0,0,0,0
2020-07-23,1,2,0,0,0,1,0,0,2,0,2,0,1,5,5,5,4,5,4,1,1,0,2,3,3,1,0,1,0,0,2,1,2,0,0,4,4,3,5,0,0,0,2,3,0,0,0,0,0,0,0,0,0,0,0,0,0
2020-07-24,1,1,1,2,1,3,1,0,1,1,6,1,1,2,1,0,1,1,0,0,0,0,0,0,0,0,0,0,0,0,0,0,0,0,0,0,1,1,1,0,0,0,2,0,0,0,0,0,0,0,0,0,0,0,0,0,0
2020-07-25,0,1,0,0,0,1,0,0,0,0,2,0,0,1,0,0,0,0,0,0,1,0,0,1,0,0,0,0,0,0,0,0,0,0,1,0,0,0,0,0,1,1,0,0,0,1,0,1,0,1,1,0,1,0,0,0,0
2020-07-26,0,3,0,0,0,0,0,0,0,0,3,0,0,1,2,1,3,2,2,0,0,0,1,1,1,1,0,1,0,0,1,0,1,0,0,1,2,2,3,0,0,1,0,1,0,0,0,0,0,1,1,0,1,0,0,0,0
2020-07-27,2,2,1,3,1,5,1,0,4,1,6,1,2,7,4,4,4,4,4,0,0,0,1,4,1,0,0,4,0,0,1,1,4,0,0,4,3,3,4,0,0,0,1,1,0,0,0,0,0,0,0,0,0,0,0,0,0
2020-07-28,0,1,0,0,0,3,0,0,0,0,11,0,0,2,0,0,0,0,0,1,1,0,0,0,2,0,0,0,0,0,0,0,0,0,1,0,2,2,0,0,0,0,0,2,0,0,0,0,0,0,0,0,0,0,0,0,0
2020-07-29,1,1,0,0,0,5,0,0,1,1,1,0,1,5,1,0,1,2,0,0,1,0,0,1,0,0,0,0,0,0,0,0,0,0,0,1,1,1,1,1,0,0,0,0,0,0,0,0,0,0,0,0,0,0,0,0,0
2020-07-30,0,0,0,0,0,1,0,0,0,0,2,0,0,1,0,0,0,0,0,0,1,0,0,0,0,0,0,0,0,0,0,0,0,0,0,0,0,0,0,0,0,0,0,0,0,0,0,0,0,0,0,0,0,0,0,0,0
2020-07-31,0,0,0,0,0,2,0,0,0,0,1,0,0,2,0,0,0,0,0,0,0,0,0,0,1,0,0,0,0,0,0,0,0,0,0,0,0,0,0,0,0,0,0,0,0,0,0,0,0,0,0,0,0,0,0,0,0
2020-08-01,2,1,1,1,1,2,1,0,2,2,2,1,2,1,0,0,0,1,0,0,0,0,0,1,0,0,0,0,0,0,0,1,0,0,0,1,0,0,0,1,0,0,2,0,0,0,0,0,0,0,0,0,0,0,0,0,0
2020-08-02,0,0,0,0,0,2,0,0,0,0,3,0,0,2,0,0,0,0,0,0,0,0,0,0,0,0,0,0,0,0,0,0,0,0,1,0,1,0,0,0,0,0,0,0,0,0,0,0,0,0,0,0,0,0,0,0,0
2020-08-03,2,4,2,3,2,3,2,0,2,2,3,2,2,2,1,0,1,1,0,0,2,0,2,0,2,1,0,0,0,0,0,0,0,0,0,0,3,3,3,0,0,0,0,2,0,0,0,0,0,0,0,0,0,0,0,0,0
2020-08-04,3,4,2,5,2,8,2,0,4,3,6,2,3,7,1,1,1,2,1,1,2,0,2,1,2,2,0,0,0,0,1,1,0,0,0,1,1,2,2,0,0,1,3,1,1,0,0,0,0,0,1,0,1,0,0,0,0
2020-08-05,0,2,0,4,0,4,0,0,0,0,4,0,0,7,0,0,0,0,0,0,2,0,0,0,1,0,1,1,1,1,1,1,1,1,1,0,1,1,0,0,0,0,1,1,0,0,0,0,0,0,0,0,0,0,0,0,0
2020-08-06,1,3,0,2,0,3,0,0,1,1,5,0,1,5,1,1,1,2,1,0,2,0,1,2,1,0,0,0,0,0,0,0,0,0,0,2,2,1,1,1,0,0,0,0,0,0,0,0,0,0,0,0,1,0,0,0,0
2020-08-07,1,3,1,1,1,1,1,0,1,1,4,1,1,1,1,0,1,1,0,1,2,0,2,0,2,1,0,0,0,1,0,0,0,0,1,0,3,3,3,0,0,0,3,2,0,0,0,0,0,0,0,0,0,0,0,0,0
2020-08-08,0,0,0,0,0,1,0,0,0,0,0,0,0,0,0,0,0,1,0,0,0,0,1,1,1,0,0,0,0,0,0,1,0,0,0,1,0,0,1,1,0,0,1,0,0,0,0,0,0,0,0,0,0,0,0,0,0
2020-08-09,5,6,0,5,5,5,0,0,5,0,13,5,5,0,5,0,5,5,5,1,2,0,1,0,1,1,0,0,0,0,0,0,0,0,1,0,1,1,1,0,0,0,0,1,0,0,0,0,0,0,0,0,0,0,0,0,0
2020-08-10,3,5,2,2,2,5,2,1,3,3,9,2,3,3,0,0,0,1,0,3,5,0,2,1,4,1,0,0,0,0,0,0,0,0,3,1,3,4,3,1,0,0,0,3,0,0,0,0,0,0,0,0,0,0,0,0,0
2020-08-11,0,1,0,1,0,0,0,0,0,0,7,0,0,0,0,0,0,0,0,0,2,0,2,0,2,2,0,0,0,0,1,0,0,0,0,0,2,2,2,0,0,0,0,2,0,0,0,0,0,0,0,0,0,0,0,0,0
2020-08-12,0,3,0,1,0,2,0,0,0,0,4,0,0,4,1,0,2,2,1,0,2,0,3,0,3,2,0,0,0,0,0,0,0,0,0,0,1,1,3,0,0,1,0,0,1,0,0,0,0,1,1,0,1,0,1,0,0
2020-08-13,0,4,0,0,0,2,0,1,0,0,5,0,0,8,4,1,4,4,4,0,2,0,2,1,4,1,0,0,0,0,2,1,1,0,0,1,4,3,3,0,0,0,0,2,1,1,0,0,0,0,0,0,0,0,0,1,0
2020-08-14,1,2,1,1,1,5,1,1,1,1,9,1,1,7,1,1,1,1,1,0,0,0,0,0,2,0,1,1,1,1,1,1,1,1,1,1,2,2,0,0,0,0,2,2,2,0,0,0,0,0,0,0,0,0,0,0,0
2020-08-15,2,2,1,1,1,2,1,0,1,1,3,1,1,2,2,0,2,2,0,0,1,0,0,0,0,0,0,0,0,1,2,0,0,0,0,0,2,2,2,0,0,0,0,0,0,0,0,0,0,0,0,0,0,0,0,0,0
2020-08-16,1,2,1,1,1,4,1,0,1,1,2,1,1,4,1,0,1,1,1,1,1,0,0,0,1,0,0,0,0,0,0,0,0,0,2,0,1,0,0,0,0,0,2,0,1,0,0,0,0,0,0,0,0,0,0,0,0
2020-08-17,5,1,1,1,1,4,1,0,6,4,6,2,5,3,0,0,0,3,0,0,0,0,0,4,1,0,0,0,0,0,3,0,1,0,1,3,1,0,0,3,0,0,2,0,1,0,0,0,0,0,0,0,0,0,0,0,0
2020-08-18,2,7,1,3,1,2,1,0,3,1,9,1,1,4,6,4,5,6,4,0,1,0,2,4,5,3,0,1,0,0,3,2,3,0,2,5,7,8,6,1,0,0,3,6,0,0,0,0,0,0,0,0,0,0,0,0,0
2020-08-19,1,8,1,5,1,6,1,1,1,1,7,3,1,11,3,2,3,3,3,2,3,0,0,4,0,0,0,1,0,2,2,1,2,0,3,2,3,2,2,0,2,2,6,2,2,1,1,2,1,2,2,1,2,0,0,0,0
2020-08-20,1,4,0,1,1,4,0,0,0,1,6,0,0,8,6,4,6,6,4,0,2,0,2,3,5,3,1,0,0,0,1,2,0,0,0,1,7,6,7,0,1,0,1,4,0,0,0,0,0,0,0,0,0,0,0,0,0
2020-08-21,2,3,0,2,0,5,0,0,2,1,9,0,1,7,3,3,3,4,3,1,2,0,2,2,3,2,0,1,0,0,3,1,0,0,0,2,3,4,3,0,0,1,2,4,1,0,0,0,0,0,1,0,1,0,0,0,0
2020-08-22,5,8,5,6,6,8,5,0,5,5,9,5,5,4,2,2,3,2,3,0,2,0,3,2,4,4,1,1,0,0,1,1,1,0,1,1,4,4,5,0,0,1,3,4,0,0,0,0,0,1,1,0,1,0,0,0,0
2020-08-23,1,2,1,2,1,3,1,0,1,1,3,2,1,4,0,0,0,0,0,1,2,0,0,0,0,0,0,0,0,0,0,1,1,0,1,0,0,0,0,0,0,0,4,0,1,0,0,0,0,0,0,0,0,0,0,0,0
2020-08-24,2,8,0,2,1,4,0,1,1,1,14,0,1,7,8,5,9,9,7,1,2,0,4,6,6,5,1,2,0,0,2,1,2,0,2,5,9,9,11,1,0,1,3,7,1,1,0,0,0,1,1,0,1,0,0,1,0
2020-08-25,2,7,1,2,1,11,1,3,1,1,13,2,1,12,6,4,5,6,5,3,4,1,4,4,8,3,0,0,0,0,3,3,0,0,3,3,8,6,5,1,2,0,2,7,1,0,0,0,0,0,0,0,0,0,0,0,0
2020-08-26,0,7,0,3,0,8,0,0,1,1,8,0,0,10,1,1,2,1,2,2,3,0,3,1,4,2,0,2,0,0,0,0,4,0,3,1,5,3,4,0,0,1,4,2,0,0,0,0,0,1,1,0,1,0,0,0,0
2020-08-27,2,8,2,4,2,6,2,3,2,2,11,2,2,7,4,3,4,4,3,3,2,0,2,3,5,0,0,0,0,0,1,0,1,0,3,3,7,7,5,1,0,0,1,7,0,0,0,0,0,0,0,0,0,0,0,0,0
2020-08-28,4,16,0,3,0,6,0,0,3,2,5,2,3,10,6,3,7,7,7,8,7,0,2,4,5,1,0,1,0,0,1,0,1,0,7,4,6,6,4,1,0,1,3,6,0,0,0,0,0,1,1,0,1,0,0,0,0
2020-08-29,2,5,2,4,2,3,2,1,2,2,7,3,2,2,3,0,3,3,2,1,1,0,1,1,3,2,0,0,0,0,0,0,0,0,1,0,2,3,2,0,0,0,1,1,2,1,0,0,0,0,0,0,0,0,0,0,0
2020-08-30,2,4,0,1,0,3,0,0,2,2,5,0,2,4,2,1,2,4,1,2,1,0,0,3,0,0,0,1,0,0,1,0,1,0,1,3,2,2,2,2,0,0,2,1,0,0,0,0,0,0,0,0,0,0,0,0,0
2020-08-31,1,10,0,0,0,5,0,0,0,0,11,0,0,14,8,7,8,8,7,4,2,0,1,6,3,1,0,0,0,0,4,0,0,0,1,6,8,8,7,0,0,0,1,8,0,0,0,0,0,0,0,0,0,0,0,0,0
2020-09-01,2,16,0,4,0,7,0,2,2,1,15,0,2,22,16,16,16,17,16,1,4,0,6,16,6,5,0,5,0,0,6,1,5,0,0,16,17,18,19,0,0,1,1,17,1,0,0,0,0,0,1,0,1,0,0,0,0
2020-09-02,1,31,0,5,0,4,0,0,0,1,16,0,0,23,22,20,22,22,20,4,8,0,2,18,4,2,0,3,0,0,9,2,3,0,6,18,24,22,21,0,0,0,3,21,0,0,0,0,0,0,0,0,1,0,0,0,0
2020-09-03,5,27,1,5,2,17,1,1,3,3,14,2,3,29,18,12,18,20,12,2,5,0,3,11,8,4,1,4,0,0,4,2,6,0,4,10,19,20,19,1,0,1,2,13,2,0,0,0,0,0,1,0,1,0,0,0,0
2020-09-04,3,21,2,2,2,5,2,0,3,3,17,2,2,17,14,12,14,14,13,3,4,0,2,12,5,2,0,0,0,0,5,0,1,0,4,11,14,14,13,0,0,0,4,14,0,0,0,0,0,0,0,0,0,0,0,0,0
2020-09-05,0,5,0,0,0,5,0,0,1,0,6,0,0,6,5,1,5,5,2,3,1,0,3,2,3,3,0,0,0,0,1,0,0,0,0,1,6,5,6,0,0,0,1,2,0,0,0,0,0,0,0,0,0,0,0,0,0
2020-09-06,1,12,0,3,0,2,0,1,1,1,9,0,1,6,8,6,8,9,6,4,8,0,6,7,8,4,0,2,0,0,4,1,4,0,9,7,15,13,13,2,0,0,1,10,0,0,0,0,0,0,0,0,0,0,0,0,0
2020-09-07,8,25,1,5,1,4,1,0,8,6,11,1,5,29,28,20,28,31,21,1,2,0,3,23,8,3,0,5,0,0,8,0,7,0,5,23,31,28,24,4,0,0,2,23,0,0,0,0,0,0,0,0,0,0,0,0,0
2020-09-08,6,39,1,1,1,14,1,2,8,7,13,1,5,35,28,23,28,30,27,15,22,0,22,25,28,17,0,1,2,1,11,1,7,0,7,28,47,41,43,3,1,4,5,39,1,0,0,0,0,4,4,0,4,0,0,0,0
2020-09-09,2,36,1,5,1,9,1,2,1,1,11,1,1,25,19,18,18,19,18,15,16,0,3,15,5,4,0,4,0,0,8,1,4,0,12,14,20,18,16,0,0,0,7,18,1,1,0,0,0,0,0,0,0,0,0,0,0
2020-09-10,8,24,1,3,2,9,1,2,5,5,13,2,3,19,17,13,17,17,16,4,4,0,2,10,7,1,0,0,0,0,5,2,2,0,3,9,12,13,13,1,0,0,4,13,0,0,0,0,0,0,1,0,1,0,0,0,0
2020-09-11,12,37,2,12,8,15,2,3,12,8,19,8,9,38,45,30,43,44,45,2,1,0,5,27,15,5,0,13,1,0,13,1,13,0,2,24,32,26,25,2,0,1,7,22,3,0,0,0,0,1,1,0,2,0,0,0,0
2020-09-12,1,4,1,0,1,6,0,0,1,0,4,1,1,10,3,1,4,3,1,0,1,0,2,1,6,1,0,1,0,0,1,1,2,0,1,1,5,6,4,0,0,0,2,4,0,0,0,0,0,0,0,0,0,0,0,0,0
2020-09-13,2,12,0,1,0,4,0,0,1,0,6,0,0,12,10,8,9,9,8,0,3,0,4,7,8,4,0,2,0,0,7,1,3,0,0,7,15,15,10,0,1,0,4,12,0,0,0,0,0,0,1,0,1,0,0,0,0
2020-09-14,3,23,1,6,1,6,1,1,6,2,12,1,2,16,18,15,18,19,15,3,7,0,1,16,2,1,0,2,0,0,5,0,4,0,5,16,19,17,16,1,0,0,5,10,0,0,0,0,0,0,0,0,0,0,0,0,0
2020-09-15,6,29,1,2,1,11,1,0,8,5,24,1,5,31,21,17,21,22,20,9,9,0,8,16,13,5,0,2,0,0,7,2,4,0,6,15,14,14,18,1,0,1,8,12,1,0,0,0,0,0,2,0,2,0,0,0,0
2020-09-16,3,25,1,5,2,11,1,2,3,1,18,2,2,21,19,10,19,21,18,3,3,0,11,13,11,7,0,1,0,0,8,0,1,0,1,12,15,14,19,3,0,0,6,14,0,0,0,0,0,0,0,0,0,0,0,0,0
2020-09-17,3,32,1,3,1,10,1,1,3,2,8,2,1,29,14,12,15,14,15,3,10,0,7,13,11,6,1,2,5,1,4,2,2,1,5,12,18,17,18,1,0,0,13,13,2,1,0,0,0,0,0,0,1,0,0,1,0
2020-09-18,2,13,0,0,0,8,0,0,0,0,7,0,0,24,14,10,14,14,11,0,1,0,1,9,2,1,2,3,2,2,9,3,3,2,2,9,16,16,14,0,0,0,4,11,0,0,0,0,0,0,0,0,0,0,0,0,0
2020-09-19,0,5,0,2,0,2,0,0,0,0,3,0,0,6,6,5,6,6,5,1,2,0,0,4,0,0,1,3,1,1,4,1,3,1,2,5,4,3,4,0,0,0,1,2,1,0,0,0,0,0,0,0,0,0,0,0,0
2020-09-20,4,18,1,3,1,10,1,0,5,2,27,2,3,35,10,8,9,11,10,1,2,0,3,7,4,3,20,20,20,20,21,23,20,20,21,8,6,5,6,1,0,1,4,3,0,0,0,0,0,0,0,0,0,0,0,0,0
2020-09-21,14,41,4,10,6,17,4,18,10,7,25,9,10,20,15,11,15,18,14,23,23,0,20,8,29,17,0,1,0,0,7,5,1,0,6,9,36,36,25,3,0,0,6,38,0,0,0,0,0,0,0,0,0,0,0,0,0
2020-09-22,8,32,1,7,2,11,1,0,6,7,27,2,5,38,25,19,26,28,25,2,6,0,4,19,6,3,1,5,1,1,15,2,6,1,3,19,18,18,21,2,0,2,6,4,3,0,0,0,0,1,2,0,2,0,0,0,0
2020-09-23,2,19,0,0,0,7,0,0,0,0,5,0,1,19,7,6,7,7,7,4,4,0,1,2,8,0,0,0,1,0,5,1,0,0,9,2,2,2,2,0,0,0,10,6,0,0,0,0,0,0,0,0,0,0,0,0,0
2020-09-24,3,18,1,2,1,9,1,2,1,1,11,2,1,21,10,9,10,10,12,5,4,0,2,7,4,0,0,2,0,0,5,1,2,0,3,8,9,8,9,0,0,1,2,4,2,0,0,0,0,1,1,0,1,0,0,0,0
2020-09-25,2,22,1,1,1,10,1,2,1,1,9,1,2,25,17,15,17,17,16,3,3,0,1,13,4,0,1,4,1,1,7,1,4,1,6,12,14,14,13,0,1,1,0,7,0,0,1,1,1,1,1,1,2,0,0,0,0
2020-09-26,2,7,1,1,1,2,1,0,2,2,10,1,2,4,1,1,1,2,1,2,4,0,4,1,4,2,0,1,0,0,0,1,2,0,2,1,4,4,4,1,0,0,1,4,0,0,0,0,0,0,0,0,0,0,0,0,0
2020-09-27,2,11,2,4,2,5,2,3,2,2,9,3,2,5,2,1,1,1,1,1,1,0,3,1,4,3,0,2,0,0,1,0,2,0,1,1,3,3,3,0,1,0,3,3,1,0,0,0,0,0,0,0,0,0,0,0,0
2020-09-28,2,28,0,6,1,8,0,8,2,1,8,0,0,29,14,11,12,12,11,5,6,0,8,9,12,10,1,9,0,0,10,4,8,0,8,8,13,13,14,0,2,0,5,8,0,0,0,0,0,0,0,0,0,1,0,0,0
2020-09-29,1,31,0,6,0,11,0,1,2,2,11,2,1,24,13,8,13,13,12,7,9,0,8,9,16,8,0,4,0,0,5,3,4,0,11,9,11,13,13,2,0,1,2,7,0,0,0,0,0,1,1,0,1,0,0,0,0
2020-09-30,3,47,0,3,0,7,0,4,3,0,11,0,1,21,16,13,16,15,14,1,2,0,2,12,3,2,1,8,1,1,7,2,9,1,2,12,15,14,14,0,1,0,2,4,2,0,0,0,1,0,0,0,0,0,0,0,0
2020-10-01,6,21,1,8,6,18,1,3,8,8,19,6,8,18,12,7,13,12,12,1,7,1,9,8,9,5,0,3,1,0,4,2,3,0,3,7,13,12,15,1,1,0,5,10,1,1,0,0,0,0,0,0,0,0,0,1,0
2020-10-02,2,18,1,1,1,4,1,2,5,1,10,1,2,18,9,8,9,9,9,2,1,0,3,8,6,0,0,6,0,0,5,1,6,0,2,8,9,7,9,0,0,0,5,1,0,0,0,0,0,0,0,0,0,0,0,0,0
2020-10-03,2,22,0,2,0,5,0,3,3,0,1,0,0,9,6,4,6,6,5,1,2,1,0,4,2,2,0,5,0,0,3,0,3,0,2,4,3,5,5,0,0,0,5,0,0,0,0,0,0,0,0,0,0,2,0,0,0
2020-10-04,2,16,0,0,0,4,0,1,3,1,7,0,1,5,6,6,6,7,6,0,1,0,1,4,4,1,0,2,0,0,3,0,3,0,0,5,5,4,3,1,0,0,0,4,0,0,0,0,0,0,0,0,0,0,0,0,0
2020-10-05,2,25,1,3,1,10,1,2,5,3,6,1,3,24,10,7,10,11,11,4,6,0,4,9,6,4,0,3,0,0,6,0,4,0,2,8,12,11,12,1,0,0,2,6,0,0,0,0,0,0,0,0,0,0,0,0,0
2020-10-06,7,30,4,6,4,13,4,6,8,6,12,6,5,25,19,11,19,20,18,8,9,1,4,10,4,3,0,4,0,0,3,4,6,0,7,11,19,12,13,2,0,0,10,6,0,0,0,0,0,0,0,0,0,0,0,0,0
2020-10-07,5,24,3,6,3,12,3,4,4,3,16,5,3,45,27,6,27,27,27,11,10,0,5,4,8,3,0,2,2,0,12,4,2,0,8,6,28,6,7,0,0,0,8,4,2,0,0,0,0,0,0,0,0,1,0,0,0
2020-10-08,1,17,1,3,1,8,1,1,3,1,13,1,1,20,12,8,11,12,12,2,3,0,7,6,9,3,0,2,1,0,2,1,2,0,2,7,13,8,9,1,0,1,7,4,0,0,0,0,0,0,0,0,2,0,0,0,0
2020-10-09,6,15,5,5,5,11,5,1,8,7,13,5,6,13,10,4,10,12,10,2,5,0,5,4,8,5,0,4,1,0,3,0,4,0,2,5,9,5,7,2,1,1,6,5,0,0,0,0,0,1,1,0,1,0,0,0,0
2020-10-10,6,116,3,5,3,11,4,0,6,3,6,3,5,13,8,6,6,8,6,6,106,0,1,2,2,1,1,3,1,2,4,2,4,2,107,3,6,4,5,0,0,2,5,3,1,1,0,0,0,2,3,0,3,0,0,1,0
2020-10-11,10,35,3,4,4,7,4,2,10,9,12,4,10,7,4,2,3,9,3,2,22,0,1,6,3,0,0,2,1,0,3,0,1,1,22,7,3,2,2,5,0,1,1,0,0,0,0,0,0,1,1,0,2,0,0,0,0
2020-10-12,3,41,0,2,0,5,1,5,6,3,11,0,4,20,13,10,13,15,12,3,12,0,4,8,11,3,0,4,0,0,7,0,7,1,11,11,16,11,13,3,0,0,1,6,1,0,0,0,0,1,1,0,0,0,0,0,0
2020-10-13,5,33,5,5,5,11,1,3,8,7,11,7,6,23,11,3,12,12,12,4,5,0,7,4,7,3,1,6,5,5,4,8,7,1,7,3,10,2,8,1,1,1,8,1,1,0,0,0,0,1,1,0,2,0,0,0,0
2020-10-14,3,23,2,4,2,12,3,0,4,2,8,4,3,21,5,3,5,5,5,2,2,0,2,4,5,1,0,3,0,0,3,3,3,1,1,3,6,5,4,0,0,0,4,2,0,0,0,0,0,0,1,0,0,0,1,0,0
2020-10-15,7,37,3,3,3,11,3,2,6,6,11,5,6,19,8,4,9,10,8,2,4,0,5,5,9,5,0,1,0,0,4,3,2,0,4,5,7,6,8,3,0,1,5,4,0,0,0,0,0,1,1,0,2,0,0,0,0
2020-10-16,2,26,0,3,0,8,0,2,4,1,13,0,0,20,14,5,14,15,13,7,21,0,18,5,22,16,0,5,2,0,4,2,5,0,9,4,31,22,20,1,3,0,3,22,0,0,0,0,3,0,0,0,1,1,0,0,0
2020-10-17,4,29,4,6,4,7,4,0,4,4,12,4,4,6,3,2,3,2,2,9,4,0,3,1,6,3,0,0,0,0,1,0,0,0,5,1,8,8,4,0,6,0,8,8,0,0,0,0,6,0,0,0,0,0,0,0,0
2020-10-18,3,17,2,4,2,9,2,0,3,3,4,2,3,10,2,0,3,3,2,0,2,0,2,1,5,2,0,1,0,0,1,0,1,0,3,1,4,3,3,1,0,1,7,2,0,0,0,0,0,1,1,0,1,0,0,0,0
2020-10-19,7,34,5,6,5,19,6,10,7,7,15,5,8,27,10,5,11,10,11,6,12,0,12,5,17,8,2,6,2,2,6,3,8,3,10,4,19,13,13,1,0,1,6,12,3,0,0,0,0,1,1,0,3,0,0,0,0
2020-10-20,3,16,3,4,3,14,3,5,5,4,15,4,4,20,15,12,14,15,15,0,6,0,5,5,8,4,6,10,6,6,8,8,10,6,13,9,5,4,6,0,1,0,18,5,6,0,0,0,1,0,0,0,1,0,0,0,0
2020-10-21,6,19,2,2,2,22,2,3,7,6,8,2,4,24,6,6,7,10,7,5,12,0,3,9,5,5,0,6,2,0,3,2,7,0,14,7,7,6,8,3,0,1,12,4,0,0,0,0,0,1,1,0,1,0,0,0,0
2020-10-22,3,17,1,3,1,12,1,3,3,3,7,1,3,16,12,4,9,10,7,5,7,0,10,4,11,9,0,4,1,0,3,1,6,0,6,4,11,10,11,2,4,2,5,6,1,0,0,0,2,0,1,0,2,0,0,0,0
2020-10-23,4,11,2,3,2,9,3,2,6,5,7,2,5,10,5,3,5,7,4,0,4,0,4,3,6,4,0,3,0,0,2,1,3,1,3,3,8,7,8,2,0,0,6,4,0,0,0,0,0,0,0,0,0,0,0,0,0
2020-10-24,2,5,1,1,1,6,1,0,1,1,2,1,1,7,3,1,3,3,3,0,3,0,2,2,2,1,0,0,0,0,2,0,0,0,2,1,2,2,2,0,1,1,1,2,0,0,1,1,1,1,1,1,1,0,0,0,0
2020-10-25,1,1,0,0,0,2,0,0,1,1,1,0,1,2,0,0,0,1,0,0,0,0,0,1,1,0,0,0,0,0,0,0,0,0,1,1,1,1,0,1,0,0,2,1,0,0,0,0,0,0,0,0,0,0,0,0,0
2020-10-26,1,20,1,1,1,9,1,0,1,1,10,1,1,12,3,0,4,2,3,2,5,0,5,0,8,3,0,2,0,0,2,1,3,0,3,0,7,5,6,0,0,1,1,4,2,0,0,0,0,1,1,0,1,0,0,0,0
2020-10-27,6,20,3,3,3,10,3,2,6,5,8,3,4,9,6,1,5,6,5,2,5,0,4,2,7,2,0,1,2,0,2,1,0,0,6,2,3,3,3,1,1,0,11,2,1,0,0,0,1,0,0,0,1,0,0,0,0
2020-10-28,1,13,1,1,1,9,1,1,2,1,2,1,1,9,3,2,4,4,3,3,5,0,6,2,7,5,0,1,0,1,1,1,2,0,1,1,5,6,6,0,0,0,2,4,0,0,0,0,0,0,0,0,1,0,0,0,1
2020-10-29,5,6,1,2,1,8,1,0,6,5,5,1,5,10,3,2,5,7,4,0,1,0,4,7,5,4,0,4,0,0,1,0,4,1,4,7,3,3,5,6,0,2,9,1,0,0,0,0,0,2,2,0,2,0,0,0,0
2020-10-30,2,7,1,1,1,16,2,0,2,2,4,1,3,13,0,0,0,1,0,1,0,0,0,1,1,0,0,0,0,2,2,0,0,1,3,1,1,0,0,1,1,0,7,0,0,0,0,0,1,0,0,0,0,0,0,0,2
2020-10-31,3,11,1,1,1,3,1,1,2,1,3,1,1,5,5,5,5,5,5,1,3,0,2,4,3,1,0,1,0,0,3,0,1,0,4,3,3,4,4,0,1,1,2,4,0,1,0,1,0,1,1,0,2,0,0,0,0
2020-11-01,1,8,0,1,0,4,0,0,1,1,4,0,1,10,4,3,3,5,3,0,1,0,0,2,1,0,0,0,0,1,2,0,1,0,0,2,2,1,1,1,0,0,1,2,0,0,0,0,0,0,0,0,0,0,0,0,1
2020-11-02,5,17,2,4,2,7,2,2,5,4,13,3,5,15,10,5,11,11,10,3,3,1,7,3,9,5,0,3,1,0,3,2,4,0,2,3,10,7,10,0,0,2,3,5,1,0,0,0,0,1,2,0,2,0,0,0,0
2020-11-03,10,23,5,10,5,14,5,3,9,7,10,6,7,14,7,4,7,8,7,4,5,0,2,2,7,2,1,2,1,1,4,3,3,1,4,2,5,6,4,1,0,1,3,5,1,0,1,0,0,0,1,0,1,0,0,0,0
2020-11-04,5,26,3,4,3,15,2,9,7,3,12,3,4,22,10,6,9,10,10,3,7,0,8,5,11,4,0,4,1,2,6,2,5,0,6,6,8,5,10,1,0,0,9,4,0,0,0,0,0,0,0,0,0,0,0,0,0
2020-11-05,3,14,0,1,0,10,0,1,3,0,8,0,0,24,7,5,6,7,6,3,3,0,3,3,9,3,0,2,1,0,4,10,3,0,6,5,8,7,6,0,0,1,6,3,1,0,0,0,0,1,1,0,1,0,0,0,0
2020-11-06,5,27,2,2,2,8,2,0,5,5,8,2,4,17,4,4,4,6,4,6,5,0,3,6,6,3,0,3,0,0,0,2,4,0,7,5,7,6,6,2,1,1,3,5,0,1,0,1,0,1,1,0,1,0,0,0,0
2020-11-07,0,7,0,1,0,11,0,1,1,0,7,0,0,10,2,1,2,2,2,1,1,0,2,1,2,1,0,1,0,0,1,0,1,0,3,0,1,1,1,0,0,0,1,1,0,0,0,0,0,0,0,0,0,0,0,0,0
2020-11-08,5,16,3,4,4,9,3,2,5,6,8,4,5,6,5,3,5,7,5,2,6,0,2,5,5,3,0,0,1,0,3,3,1,1,6,3,4,2,4,2,1,0,3,2,0,0,0,0,0,0,0,0,0,0,0,0,0
2020-11-09,3,75,1,3,1,13,1,3,5,3,8,2,3,18,8,7,8,8,8,3,6,0,4,6,8,6,1,4,3,1,2,5,6,1,7,5,8,7,9,1,1,0,6,5,1,0,0,0,0,0,0,0,0,0,0,0,0
2020-11-10,7,33,2,10,4,21,2,9,12,4,10,8,9,21,19,8,20,21,20,4,7,1,12,9,14,11,0,9,3,1,6,6,10,1,9,7,14,11,14,2,1,2,3,8,1,1,0,1,0,2,2,0,3,0,0,0,0
2020-11-11,6,21,2,4,2,12,2,3,8,5,13,3,6,16,6,4,5,9,5,1,4,0,3,7,6,5,0,2,0,0,2,1,3,0,3,8,6,6,6,4,0,0,9,3,0,0,0,0,0,0,0,0,0,0,0,0,0
2020-11-12,3,17,1,3,1,12,1,2,8,4,11,1,3,9,10,8,11,11,11,5,3,0,2,7,5,7,0,8,1,0,2,1,8,0,6,6,2,6,7,1,0,1,8,3,2,0,0,0,0,1,1,0,1,0,0,0,0
2020-11-13,7,49,4,14,5,34,5,4,6,5,48,5,6,41,15,12,16,16,15,8,13,0,15,7,27,9,2,6,1,3,8,12,6,3,24,9,10,10,18,1,3,4,18,7,2,0,0,0,1,2,3,0,3,0,0,0,2
2020-11-14,5,35,1,5,2,14,1,5,7,2,27,3,5,13,11,6,11,12,9,6,6,0,6,7,8,7,1,9,1,1,8,1,9,2,14,7,12,14,12,1,1,0,14,8,1,0,0,0,1,0,0,0,0,0,0,0,0
2020-11-15,3,42,1,4,1,7,1,1,4,1,20,1,1,16,10,9,8,12,7,9,14,0,8,6,12,3,0,4,0,0,2,5,3,0,27,10,10,12,12,2,3,2,20,5,0,0,0,0,3,2,2,0,3,0,0,0,0
2020-11-16,6,42,2,6,2,15,3,2,9,4,12,2,5,23,19,13,17,20,12,7,14,0,7,13,12,9,0,7,3,1,7,2,8,1,14,14,18,20,21,3,4,3,69,9,1,0,0,0,4,2,2,0,4,0,0,0,1
2020-11-17,1,31,0,3,0,14,0,1,6,0,9,0,0,14,11,8,11,11,10,4,17,0,4,8,8,8,0,8,0,0,4,2,7,0,19,8,7,10,10,1,0,0,63,4,0,0,0,0,0,0,0,0,0,0,0,0,0
2020-11-18,3,39,2,6,2,22,2,2,4,3,14,3,3,29,16,8,16,17,14,1,21,0,10,12,13,9,0,3,2,0,4,4,3,0,16,11,15,17,18,4,1,2,32,10,0,0,1,1,1,2,2,1,3,0,0,0,0
2020-11-19,3,37,1,1,1,8,1,2,3,2,10,1,2,16,11,8,10,12,9,7,12,0,7,5,11,7,0,4,1,1,7,0,4,0,11,6,13,12,12,1,1,1,8,8,1,0,0,0,1,1,1,0,1,0,0,0,1
2020-11-20,9,29,5,12,5,17,5,4,8,6,17,6,7,28,13,7,15,12,14,3,7,1,9,6,12,8,0,3,2,0,3,2,3,0,7,6,16,13,12,1,1,2,14,13,1,0,0,0,0,2,2,0,2,0,0,0,0
2020-11-21,4,22,1,1,1,7,1,1,5,2,5,1,3,7,6,3,4,7,4,2,5,0,4,2,4,3,0,2,0,1,3,1,3,0,3,4,6,4,5,1,0,2,6,2,0,0,0,0,0,2,2,0,2,1,0,0,1
2020-11-22,1,36,0,6,1,11,0,6,1,1,10,1,1,13,10,8,10,10,10,3,11,0,5,3,6,5,0,2,0,0,5,1,2,0,8,3,10,10,8,0,0,0,9,12,0,0,0,0,0,0,0,0,0,0,0,0,0
2020-11-23,2,47,1,2,1,11,1,0,1,3,11,2,1,21,12,9,12,12,13,1,8,0,9,8,10,5,0,2,2,1,3,1,3,0,5,8,13,10,13,0,0,1,5,7,1,0,0,0,0,1,1,0,2,0,0,0,1
2020-11-24,1,70,0,0,1,1,0,3,3,1,15,0,1,12,13,6,12,13,11,3,17,0,5,7,13,4,0,3,0,0,4,1,4,0,13,5,10,7,8,1,4,1,19,8,2,0,1,1,3,1,1,1,1,0,0,0,0
2020-11-25,2,24,1,2,1,8,2,2,5,2,18,1,2,14,10,6,11,10,11,3,9,2,4,7,6,3,0,4,1,0,3,3,4,1,8,6,8,6,6,1,0,1,13,3,0,0,0,0,0,1,1,0,1,0,0,0,0
2020-11-26,4,27,2,4,2,16,2,1,6,6,10,3,4,19,11,5,7,9,6,3,5,0,9,7,10,6,0,3,1,0,1,1,2,0,4,6,7,7,7,2,4,0,7,5,1,0,0,0,0,0,0,0,0,0,0,0,0
2020-11-27,0,9,0,2,0,4,0,0,2,0,4,0,0,11,9,7,9,9,9,1,2,2,2,5,4,1,0,2,0,0,1,1,3,0,2,6,3,2,3,1,1,2,5,2,2,0,1,1,1,2,2,1,2,0,0,0,0
2020-11-28,0,5,0,0,0,0,0,1,0,0,3,0,0,2,2,1,1,1,1,0,1,0,1,1,2,0,0,1,0,0,0,0,1,0,1,1,1,1,2,0,0,0,3,0,0,0,0,0,0,0,0,0,0,0,0,0,0
2020-11-29,11,25,10,10,10,16,10,0,11,11,16,10,11,10,1,1,2,2,2,0,7,0,4,2,6,2,0,1,0,0,1,2,2,0,7,2,4,3,4,1,0,1,13,3,0,0,0,0,0,1,1,0,1,0,0,0,0
2020-11-30,11,28,4,5,4,11,4,5,11,9,10,5,11,14,7,2,8,12,8,0,3,0,8,7,15,4,0,3,0,0,3,2,6,0,5,8,11,4,8,6,0,2,5,4,5,0,0,0,0,3,2,1,2,0,0,0,0
2020-12-01,1,31,1,1,1,7,1,5,1,1,9,1,1,11,8,5,8,9,5,2,5,2,2,3,3,2,0,3,0,0,0,0,3,0,5,3,8,7,6,0,1,0,7,8,0,0,0,0,1,0,0,0,0,0,0,0,0
2020-12-02,5,22,4,5,4,14,4,2,5,5,13,4,5,15,7,5,7,7,6,2,3,0,2,2,7,2,0,2,1,0,3,1,2,0,4,3,1,1,2,1,0,0,4,2,1,0,0,0,0,0,0,0,0,0,0,0,0
2020-12-03,1,12,1,3,2,6,1,4,2,1,7,2,1,8,4,4,3,4,4,2,7,0,4,3,5,3,1,3,0,0,1,2,3,0,6,3,5,3,5,0,0,0,3,4,0,0,0,0,0,0,0,0,0,0,0,0,0
2020-12-04,1,6,0,0,0,10,0,1,2,0,8,0,0,13,4,3,4,4,4,2,3,0,2,3,3,1,0,2,0,0,1,1,1,0,2,3,4,3,3,0,0,0,1,2,1,0,0,0,0,0,0,0,0,0,0,0,0
2020-12-05,2,8,2,2,2,5,2,0,2,2,4,2,2,4,0,0,2,2,0,0,2,0,3,0,4,0,0,0,0,0,0,2,0,0,0,0,1,1,3,0,0,2,4,1,2,0,0,0,0,2,2,0,2,0,2,0,0
2020-12-06,0,11,0,0,0,5,2,2,3,0,4,0,2,9,7,2,7,6,7,2,2,0,10,5,13,5,0,3,0,1,3,2,1,2,2,0,6,5,5,0,0,0,1,5,1,0,0,0,0,0,0,0,0,0,0,0,0
2020-12-07,4,11,1,4,1,10,1,2,5,4,5,1,4,18,7,3,7,10,7,1,1,0,6,4,11,4,0,1,1,0,0,1,2,0,1,7,4,4,6,3,0,2,24,2,3,0,0,0,0,1,2,0,2,0,0,0,0
2020-12-08,1,24,1,5,1,6,1,2,1,1,9,1,1,16,8,5,7,7,7,2,6,0,4,2,9,3,0,3,1,0,1,2,5,0,5,3,8,4,4,1,0,1,54,6,3,0,0,0,0,1,1,0,0,0,0,0,0
2020-12-09,2,20,1,2,1,9,1,7,1,1,6,1,1,13,4,1,4,3,3,3,4,0,3,1,6,0,0,1,0,0,1,0,3,0,2,1,7,5,5,0,0,0,11,3,2,0,0,0,0,0,0,0,0,0,0,0,0
2020-12-10,3,11,2,4,3,12,1,1,4,3,7,2,3,13,6,3,8,10,6,2,3,0,10,5,14,4,0,3,1,1,1,3,7,0,3,6,7,6,12,2,1,5,6,3,4,0,0,0,0,4,5,0,5,0,2,0,0
2020-12-11,3,8,0,0,0,16,0,2,3,2,1,1,2,18,7,6,7,9,7,2,3,0,7,9,7,4,0,2,1,0,3,2,3,1,3,5,6,3,6,2,1,0,2,2,0,0,0,0,1,0,0,0,1,1,0,0,0
2020-12-12,5,3,2,2,2,4,2,0,5,5,4,2,5,2,0,0,0,3,0,0,1,0,0,4,0,0,0,0,0,0,0,0,0,0,1,3,0,0,0,3,1,1,6,0,0,1,0,1,0,1,1,0,1,0,0,0,0
2020-12-13,2,6,2,2,2,6,2,0,2,2,2,2,2,5,0,0,0,0,0,1,2,0,1,0,1,0,0,0,0,0,0,0,1,0,2,1,1,0,1,0,0,1,8,0,0,0,0,0,0,1,1,0,1,0,0,0,0
2020-12-14,4,9,3,3,3,16,3,1,7,4,7,3,4,17,5,5,6,7,5,0,2,1,4,6,5,2,0,1,1,0,0,0,2,0,2,6,6,5,7,1,0,0,6,4,0,0,0,0,0,0,0,0,1,0,0,0,0
2020-12-15,0,11,0,1,0,3,0,1,1,0,9,0,0,7,3,3,4,4,3,0,0,0,3,1,3,2,0,1,0,0,2,1,2,0,0,2,3,3,5,0,0,1,1,2,1,0,0,0,0,1,1,0,1,0,1,0,0
2020-12-16,0,16,0,2,0,5,0,0,0,1,9,1,0,11,4,3,5,6,4,1,3,0,6,3,12,3,0,0,1,1,2,1,1,1,3,3,10,9,8,0,1,3,12,10,3,0,0,0,1,3,3,0,3,0,2,0,1
2020-12-17,0,3,0,2,0,7,0,0,1,0,5,1,1,10,6,3,6,5,6,0,1,0,3,3,5,2,0,2,1,0,1,0,2,0,0,2,4,3,3,0,0,0,3,1,3,2,0,0,0,0,0,0,0,0,0,2,0
2020-12-18,0,2,0,0,0,5,0,0,0,0,1,0,0,6,2,2,2,2,2,2,3,0,3,2,3,1,0,0,0,1,0,0,0,0,1,0,1,1,1,0,0,0,3,1,0,0,0,0,0,0,0,0,0,0,0,0,0
2020-12-19,1,1,1,1,1,3,1,0,1,1,3,1,1,3,1,1,1,1,1,0,0,0,0,0,1,0,0,0,0,0,0,0,0,0,0,0,1,0,0,0,0,0,2,0,1,0,0,0,0,0,0,0,0,0,0,0,0
2020-12-20,0,2,0,1,0,2,0,0,1,1,0,0,0,2,2,0,2,2,2,3,2,0,0,0,1,0,0,0,0,1,0,1,0,0,1,0,1,1,1,0,0,0,0,0,0,0,0,0,0,0,0,0,0,0,0,0,1
2020-12-21,2,5,2,2,2,4,2,0,3,2,3,2,2,4,1,0,1,1,1,0,0,0,2,1,4,2,0,0,0,0,1,1,1,0,1,0,1,1,1,0,0,0,1,1,1,1,0,0,0,0,0,0,0,0,0,1,0
2020-12-22,1,0,0,0,0,1,0,0,1,1,4,0,1,2,1,0,1,2,1,1,1,0,1,1,1,1,0,0,0,0,0,0,0,0,1,1,2,1,1,1,0,0,1,1,0,0,0,0,0,0,0,0,0,0,0,0,0
2020-12-23,0,1,0,1,0,6,0,0,0,0,1,0,0,9,3,2,3,3,3,0,1,0,1,1,1,1,0,0,0,0,1,1,0,0,1,0,1,1,1,0,1,1,0,1,0,0,1,1,1,1,1,1,1,0,0,0,0
2020-12-24,3,3,3,3,3,7,3,0,3,3,4,3,3,4,0,0,0,0,0,0,0,0,0,0,0,0,0,0,0,0,0,0,0,0,0,0,0,0,0,0,0,0,3,0,0,0,0,0,0,0,0,0,0,0,0,0,0
2020-12-25,0,1,0,0,0,0,0,0,0,0,0,0,0,0,0,0,0,0,0,0,0,0,0,0,0,0,0,0,0,0,0,0,0,0,0,0,0,0,0,0,0,0,0,0,0,0,0,0,0,0,0,0,0,0,0,0,0
2020-12-26,2,3,2,2,2,3,2,0,2,2,2,2,2,1,0,0,0,0,0,0,0,0,1,0,1,1,0,0,0,0,1,0,0,0,1,0,1,1,1,0,0,0,2,1,0,0,0,0,0,0,0,0,0,0,0,0,0
2020-12-27,4,8,4,4,4,4,4,0,4,4,4,5,4,1,0,0,0,0,0,1,2,0,2,0,3,2,0,0,0,0,0,1,0,0,1,0,1,1,1,0,1,0,2,1,0,0,0,0,0,0,0,0,0,0,0,0,0
2020-12-28,1,4,1,1,1,3,1,0,2,1,5,1,1,3,3,0,3,3,2,1,5,0,2,1,2,2,0,0,0,0,0,0,0,0,3,0,2,2,2,0,0,0,8,1,0,0,0,0,0,0,0,0,0,0,0,0,0
2020-12-29,1,12,1,1,1,6,1,3,1,1,4,1,1,6,0,0,1,1,1,11,12,0,2,1,2,1,0,0,0,0,0,0,0,0,10,0,2,2,1,0,1,0,4,2,0,0,0,0,0,0,0,0,0,0,0,0,0
2020-12-30,0,3,0,0,0,5,0,0,1,0,2,0,0,7,1,1,0,2,1,0,1,0,1,2,2,1,0,0,0,0,2,0,1,0,1,3,0,0,2,1,0,1,1,0,0,0,0,0,1,1,1,0,1,0,0,0,0
2020-12-31,0,3,0,0,0,0,0,0,0,0,1,0,0,3,0,0,0,0,0,1,2,0,1,0,3,1,0,0,0,0,0,0,0,0,2,0,2,2,1,0,0,0,0,2,0,0,0,0,0,0,0,0,0,0,0,0,0
2021-01-01,1,3,1,1,1,3,1,1,1,1,2,1,1,4,3,2,3,3,2,0,0,0,0,1,0,0,0,0,0,0,1,0,0,0,0,1,2,2,2,0,0,0,2,1,0,0,0,0,0,0,0,0,0,0,0,0,0
2021-01-02,5,9,5,5,5,7,5,0,5,5,9,5,5,1,1,0,1,1,0,3,3,1,0,0,0,0,0,0,0,0,0,0,0,0,3,0,1,1,1,0,0,0,5,0,0,0,0,0,0,0,0,0,0,0,0,0,0
2021-01-03,4,12,3,4,3,10,2,2,6,4,6,5,5,14,9,5,8,9,8,1,3,0,3,3,7,2,0,3,1,1,2,2,4,0,4,3,6,2,4,1,0,0,4,3,1,0,0,0,0,0,0,0,0,0,0,0,0
2021-01-04,7,19,2,2,3,11,2,1,9,6,11,3,6,14,6,3,4,10,5,2,7,1,9,10,11,6,1,3,1,0,5,3,3,0,4,8,8,7,8,4,1,2,4,7,0,0,0,0,1,1,1,0,2,1,0,0,0
2021-01-05,6,10,4,5,4,18,4,0,7,7,10,4,6,22,5,3,5,7,5,2,2,0,4,4,9,3,0,1,2,0,1,2,2,0,1,3,7,6,7,1,1,1,4,2,5,2,0,0,0,0,2,0,1,0,1,2,0
2021-01-06,3,41,1,3,1,12,1,0,4,2,4,1,2,28,10,7,9,11,8,3,2,0,8,6,15,2,0,3,0,3,1,6,5,0,7,8,24,22,8,2,1,1,7,22,0,0,0,0,0,1,2,0,2,0,0,0,0
2021-01-07,1,16,0,2,0,4,0,0,1,1,9,1,1,11,8,2,6,8,4,2,3,0,2,3,6,2,0,1,0,0,2,3,1,0,2,3,8,6,5,2,0,0,1,3,2,0,0,0,0,0,0,0,0,0,0,0,0
2021-01-08,1,10,1,1,1,4,1,0,1,2,4,1,1,11,6,4,6,6,5,2,5,0,2,3,6,0,0,3,0,1,3,1,0,0,3,2,3,2,2,0,0,0,5,2,11,11,0,0,0,0,0,0,0,0,0,11,0
2021-01-09,2,11,1,1,1,1,1,0,3,2,4,2,2,3,2,1,2,3,1,0,3,0,3,1,5,2,0,0,0,0,0,1,1,0,2,2,7,5,5,1,0,0,3,4,4,4,0,0,0,0,0,0,0,0,0,4,0
2021-01-10,2,9,2,2,2,3,2,0,2,2,5,2,2,5,4,1,3,4,2,1,1,0,3,1,6,2,0,1,1,1,0,0,1,0,1,2,5,4,5,0,0,2,2,3,0,0,0,0,0,1,1,0,2,0,0,0,0
2021-01-11,5,43,2,2,2,3,2,1,2,2,4,3,2,10,7,4,7,6,7,3,9,0,6,4,11,5,0,4,1,0,6,2,4,0,4,4,12,10,8,0,0,0,3,9,3,1,0,0,0,1,1,0,0,0,0,1,0
2021-01-12,3,10,3,3,3,16,3,1,3,3,8,3,3,21,6,4,6,5,7,2,3,0,5,3,7,4,1,3,1,1,3,2,3,1,5,2,4,3,4,0,0,1,2,3,2,0,0,0,0,1,1,0,1,0,0,0,0
2021-01-13,1,36,1,3,1,6,1,0,2,2,5,1,1,16,5,4,4,4,4,15,5,0,3,2,9,3,0,2,0,0,1,1,3,0,10,2,6,5,4,0,1,0,6,3,3,1,0,0,0,0,0,0,0,0,0,1,0
2021-01-14,2,45,0,2,1,9,0,0,2,0,6,2,1,13,4,0,4,4,4,3,2,0,2,1,8,1,0,0,0,0,1,4,2,0,4,0,2,1,2,0,1,0,4,2,0,0,0,0,1,0,0,0,0,0,0,0,0
2021-01-15,0,16,0,0,0,2,0,3,1,0,6,0,0,3,2,1,3,2,2,1,2,0,3,1,3,2,0,2,0,0,0,2,2,0,1,1,3,3,4,0,0,1,3,1,0,0,0,0,0,1,1,0,1,0,0,0,0
