Date,language_learner,established_scholar,university_academic,language_teacher,language_teacher_secondary,language_teacher_adult_edu,language_teacher_private,language_teacher_other,language_teacher_primary,language_teacher_pre_elementary,test_developer,mid_career,materials_developer,professional_development_provider,teacher_educator,student,masters,early_career,language_teacher_tertiary,other,parent,media,phd,ncelp_hub_school_teacher,ncelp_specialist_teacher,undergraduate,policy_maker
2019-04-16,1,0,0,0,0,0,0,0,0,0,0,0,0,0,0,0,0,0,0,0,0,0,0,0,0,0,0
2019-05-12,0,1,1,2,1,0,0,0,0,0,0,0,0,0,0,0,0,0,0,0,0,0,0,0,0,0,0
2019-05-13,0,0,0,2,0,0,0,2,0,0,0,0,0,0,0,0,0,0,0,0,0,0,0,0,0,0,0
2019-05-16,0,0,1,13,3,2,2,0,2,1,3,1,0,0,0,0,0,0,0,0,0,0,0,0,0,0,0
2019-05-17,0,0,0,3,1,0,0,0,0,0,0,0,0,0,0,0,0,0,0,0,0,0,0,0,0,0,0
2019-05-19,0,0,0,7,3,0,0,1,0,0,0,0,1,1,1,0,0,0,0,0,0,0,0,0,0,0,0
2019-05-20,0,0,0,6,3,0,0,0,0,0,0,0,0,0,0,0,0,0,0,0,0,0,0,0,0,0,0
2019-05-21,0,0,0,3,3,0,0,0,0,0,0,0,0,0,0,0,0,0,0,0,0,0,0,0,0,0,0
2019-05-22,0,0,0,8,2,0,2,0,0,0,0,0,2,0,1,0,0,0,0,0,0,0,0,0,0,0,0
2019-05-23,0,0,0,3,2,0,0,0,0,0,0,0,1,0,1,0,0,0,0,0,0,0,0,0,0,0,0
2019-05-24,0,0,0,18,9,0,0,0,0,0,0,0,1,0,0,0,0,0,0,0,0,0,0,0,0,0,0
2019-05-25,1,1,2,3,2,0,0,0,0,0,0,1,0,0,1,0,0,0,0,0,0,0,0,0,0,0,0
2019-05-26,1,0,0,5,2,0,0,0,0,0,0,0,0,0,2,0,0,0,0,0,0,0,0,0,0,0,0
2019-05-27,0,0,0,5,1,2,0,0,0,0,0,0,0,0,0,2,1,0,0,0,0,0,0,0,0,0,0
2019-05-28,0,0,0,1,0,0,0,1,0,0,0,0,0,0,0,0,0,0,0,0,0,0,0,0,0,0,0
2019-05-29,2,0,0,6,3,0,0,0,0,0,0,0,2,0,0,0,0,0,0,0,0,0,0,0,0,0,0
2019-05-31,0,0,0,4,2,0,0,0,0,0,0,0,2,0,1,0,0,0,0,0,0,0,0,0,0,0,0
2019-06-01,0,0,0,9,4,0,0,0,0,0,0,0,1,0,0,0,0,0,0,0,0,0,0,0,0,0,0
2019-06-02,1,0,0,12,5,0,0,1,0,0,0,0,0,0,1,0,0,0,0,0,0,0,0,0,0,0,0
2019-06-03,1,0,0,45,18,0,0,0,1,0,0,0,3,0,1,0,0,0,0,0,0,0,0,0,0,0,0
2019-06-04,2,0,1,14,6,0,0,0,0,0,0,0,0,0,0,0,0,1,0,0,0,0,0,0,0,0,0
2019-06-05,0,1,1,19,7,0,0,0,0,0,0,0,2,0,0,0,0,0,0,0,0,0,0,0,0,0,0
2019-06-06,0,0,0,16,8,0,0,0,0,0,0,0,1,0,0,0,0,0,0,0,0,0,0,0,0,0,0
2019-06-07,4,0,0,37,17,0,0,1,0,0,0,0,1,0,1,0,0,0,0,0,0,0,0,0,0,0,0
2019-06-08,0,0,0,1,1,0,0,0,0,0,0,0,0,0,0,0,0,0,0,0,0,0,0,0,0,0,0
2019-06-09,0,0,1,3,1,0,0,0,0,0,0,0,0,0,1,0,0,1,1,0,0,0,0,0,0,0,0
2019-06-10,0,0,0,37,18,0,0,0,0,0,0,0,0,0,0,0,0,0,0,0,0,0,0,0,0,0,0
2019-06-11,0,0,0,22,12,0,0,0,0,0,1,0,0,0,11,0,0,0,0,0,0,0,0,0,0,0,0
2019-06-12,1,0,1,9,5,0,0,1,0,0,0,0,0,1,4,0,0,0,1,0,0,0,0,0,0,0,0
2019-06-13,2,0,0,31,14,0,0,1,1,0,0,0,0,3,6,1,0,0,0,1,0,0,0,0,0,0,0
2019-06-14,0,0,1,24,9,0,0,0,2,1,0,1,1,0,3,0,0,0,0,0,0,0,0,0,0,0,0
2019-06-15,3,0,2,32,17,1,0,0,2,0,0,1,0,2,2,0,0,0,0,0,0,0,0,0,0,0,0
2019-06-16,0,0,0,16,7,0,0,1,1,0,0,0,0,0,1,0,0,0,0,0,0,0,0,0,0,0,0
2019-06-17,3,1,1,58,25,0,0,3,2,1,0,0,2,0,7,2,0,0,1,2,0,0,0,0,0,0,0
2019-06-18,2,0,0,46,21,0,0,0,2,0,0,0,1,0,1,0,0,0,0,0,0,0,0,0,0,0,0
2019-06-19,0,0,0,44,18,0,0,0,0,0,0,0,3,0,2,0,0,0,1,0,0,0,0,0,0,0,0
2019-06-20,3,1,3,66,31,0,1,0,0,0,0,1,2,0,2,1,0,0,1,1,0,0,0,0,0,0,0
2019-06-21,2,0,0,40,23,0,0,0,2,0,0,0,5,1,1,0,0,0,1,0,1,0,0,0,0,0,0
2019-06-22,0,0,0,6,4,0,0,0,0,0,0,0,0,0,0,0,0,0,0,0,0,0,0,0,0,0,0
2019-06-23,0,0,0,21,13,0,0,0,0,0,0,0,0,0,5,0,0,0,0,0,0,0,0,0,0,0,0
2019-06-24,0,0,1,51,19,0,0,0,2,0,0,0,4,1,3,1,0,0,3,0,0,0,0,0,0,0,0
2019-06-25,1,0,0,53,22,0,0,0,0,0,0,0,1,0,1,0,0,0,1,0,0,0,0,0,0,0,0
2019-06-26,0,0,0,21,11,0,0,0,0,0,0,0,0,0,2,0,0,0,0,0,1,0,0,0,0,0,0
2019-06-27,0,0,0,23,11,0,1,0,0,0,0,0,1,1,0,0,0,0,0,0,0,0,0,0,0,0,0
2019-06-28,0,1,1,15,10,0,0,0,1,0,0,0,1,1,5,0,0,0,1,0,0,0,0,0,0,0,0
2019-06-29,0,0,0,7,2,0,0,0,1,0,0,0,0,0,0,0,0,0,0,0,0,0,0,0,0,0,0
2019-06-30,0,0,0,16,8,0,0,0,2,0,0,0,0,1,0,0,0,0,0,0,0,0,0,0,0,0,0
2019-07-01,0,0,0,32,17,0,0,0,2,0,0,0,0,1,0,0,0,0,0,0,0,0,0,0,0,0,0
2019-07-02,1,0,0,29,14,0,0,0,0,0,0,0,0,0,3,0,0,0,0,0,0,0,0,0,0,0,0
2019-07-03,4,0,0,38,19,0,0,1,0,0,0,0,0,0,3,1,0,0,1,1,0,0,0,0,0,0,0
2019-07-04,0,0,0,30,11,0,1,0,0,0,1,0,0,0,1,0,0,0,1,0,0,0,0,0,0,0,0
2019-07-05,0,0,2,18,10,0,0,2,0,0,0,0,0,0,1,1,0,1,0,1,0,0,0,0,0,0,0
2019-07-06,1,0,0,5,2,0,0,0,0,0,0,0,0,0,2,0,0,0,0,0,0,0,0,0,0,0,0
2019-07-07,3,0,1,61,28,0,0,0,3,1,0,0,1,0,5,0,0,0,1,0,4,0,0,0,0,0,0
2019-07-08,3,0,2,144,68,0,1,1,0,1,0,1,2,0,10,0,0,0,3,0,0,1,0,0,0,0,0
2019-07-09,0,1,1,85,39,1,0,1,1,0,0,0,2,0,8,0,0,0,2,0,0,0,0,0,0,0,0
2019-07-10,3,0,0,82,44,1,0,0,2,0,7,0,3,1,7,0,0,0,0,0,0,0,0,0,0,0,0
2019-07-11,1,0,0,54,27,0,0,0,0,0,0,0,0,0,0,0,0,0,0,0,0,0,0,0,0,0,0
2019-07-12,0,0,0,51,27,0,1,0,1,1,6,0,2,0,1,1,0,0,1,1,1,0,0,0,0,0,0
2019-07-13,2,0,0,18,7,0,0,0,1,0,0,0,0,0,1,0,0,0,0,0,1,0,0,0,0,0,0
2019-07-14,0,0,0,15,6,0,0,0,0,0,0,0,2,0,2,2,0,0,0,1,0,0,0,0,0,0,0
2019-07-15,0,0,0,4,3,0,0,0,0,0,2,0,1,0,0,0,0,0,0,0,0,0,0,0,0,0,0
2019-07-17,1,0,6,65,31,0,2,0,4,1,0,4,2,0,11,1,0,1,1,0,0,0,0,0,0,0,0
2019-07-18,1,1,3,49,30,0,0,0,0,0,0,1,0,0,5,0,0,0,1,0,0,0,0,0,0,0,0
2019-07-19,1,0,1,22,12,0,0,0,1,0,0,1,2,0,0,0,0,0,0,0,0,3,0,0,0,0,0
2019-07-20,0,0,0,6,4,0,0,0,0,0,0,0,0,0,1,0,0,0,0,0,0,0,0,0,0,0,0
2019-07-21,0,0,0,6,4,0,0,0,0,0,0,0,0,0,0,0,0,0,0,0,0,0,0,0,0,0,0
2019-07-22,1,0,1,22,11,0,0,0,0,0,0,1,2,1,0,0,0,0,0,0,0,0,0,0,0,0,0
2019-07-23,0,0,0,23,13,0,0,0,1,0,1,0,2,1,0,0,0,0,2,0,0,0,0,0,0,0,0
2019-07-24,0,0,0,11,3,0,0,3,0,0,0,0,0,1,1,0,0,0,0,0,0,0,0,0,0,0,0
2019-07-25,0,0,0,7,3,0,0,0,1,0,0,0,0,0,0,0,0,0,0,0,0,0,0,0,0,0,0
2019-07-26,1,0,0,1,1,0,0,0,0,0,0,0,0,0,1,0,0,0,0,0,0,0,0,0,0,0,0
2019-07-27,0,0,0,4,1,0,0,0,0,0,0,0,0,0,0,0,0,0,0,0,0,0,0,0,0,0,0
2019-07-28,0,0,0,20,1,0,0,0,0,0,0,0,0,0,2,0,0,0,0,0,0,0,0,0,0,0,0
2019-07-29,0,0,0,8,3,0,0,0,0,0,0,0,2,1,2,2,1,0,0,0,0,1,0,0,0,0,0
2019-07-30,0,0,0,8,6,0,0,0,0,0,0,0,0,0,0,0,0,0,0,0,0,0,0,0,0,0,0
2019-07-31,0,1,1,7,3,0,0,0,1,0,0,0,4,0,0,0,0,0,0,0,0,0,0,0,0,0,0
2019-08-01,3,0,0,16,5,0,0,0,0,0,0,0,0,1,0,0,0,0,0,0,0,0,0,0,0,0,0
2019-08-02,0,0,0,6,1,1,0,0,1,1,0,0,0,0,1,0,0,0,0,0,0,0,0,0,0,0,0
2019-08-05,0,1,1,4,1,0,0,0,0,0,0,0,0,0,2,0,0,0,0,0,0,0,0,0,0,0,0
2019-08-06,0,0,0,8,4,0,1,0,0,0,0,0,0,0,0,0,0,0,0,0,0,0,0,0,0,0,0
2019-08-07,0,0,2,2,1,0,0,0,0,0,0,0,0,0,0,0,0,1,0,0,0,0,0,0,0,0,0
2019-08-08,0,0,0,10,4,0,0,0,2,0,0,0,1,1,0,0,0,0,0,0,0,0,0,0,0,0,0
2019-08-09,1,0,0,16,8,0,0,0,0,0,0,0,1,0,2,0,0,0,0,0,0,0,0,0,0,0,0
2019-08-10,4,0,0,4,2,0,0,0,2,0,0,0,0,0,2,0,0,0,0,0,0,0,0,0,0,0,0
2019-08-11,0,0,0,7,2,1,0,0,0,0,0,0,1,0,1,0,0,0,1,0,0,0,0,0,0,0,0
2019-08-12,0,0,1,102,21,15,15,1,16,15,0,0,0,0,17,0,0,1,1,0,0,0,0,0,0,0,0
2019-08-13,0,0,1,11,5,0,0,0,1,0,0,0,0,0,2,3,1,1,0,1,0,0,1,0,0,0,0
2019-08-14,1,0,1,7,4,1,0,0,1,1,0,0,0,1,2,0,0,0,0,0,0,0,0,0,0,0,0
2019-08-15,1,0,0,6,3,0,0,0,0,0,0,0,0,0,0,0,0,0,1,0,0,0,0,0,0,0,0
2019-08-16,0,0,1,12,2,0,0,0,2,0,0,1,0,0,0,0,0,0,3,0,0,0,0,0,0,0,0
2019-08-17,0,0,0,7,3,0,0,0,1,1,0,0,0,0,0,0,0,0,0,0,0,0,0,0,0,0,0
2019-08-18,0,0,0,8,3,0,0,0,1,1,0,0,0,0,0,1,0,0,0,0,0,0,1,0,0,0,0
2019-08-19,0,1,2,53,25,3,0,0,0,0,0,0,0,0,1,0,0,0,1,0,0,0,0,0,0,0,0
2019-08-20,1,0,0,32,13,0,0,0,0,0,0,0,0,0,0,0,0,0,3,0,0,0,0,0,0,0,0
2019-08-21,0,0,0,14,7,0,0,0,3,0,0,0,1,0,1,0,0,0,0,0,0,0,0,0,0,0,0
2019-08-22,0,0,0,10,6,0,0,0,0,0,0,0,2,0,0,0,0,0,0,0,0,0,0,0,0,0,0
2019-08-23,0,0,0,12,4,0,0,0,0,0,0,0,0,0,1,0,0,0,2,0,0,0,0,0,0,0,0
2019-08-24,0,0,1,14,7,0,0,0,0,0,0,0,0,0,1,0,0,0,0,0,0,0,0,0,0,0,0
2019-08-25,0,0,0,22,9,0,0,0,3,2,0,0,0,0,0,0,0,0,0,0,0,0,0,0,0,0,0
2019-08-26,0,0,0,9,5,0,0,1,0,0,0,0,1,0,0,2,1,0,0,0,0,0,1,0,0,0,0
2019-08-27,0,0,0,7,2,0,0,1,0,0,0,0,1,0,0,0,0,0,0,0,0,0,0,0,0,0,0
2019-08-28,0,0,0,14,7,0,0,0,1,1,0,0,2,0,0,0,0,0,0,0,0,0,0,0,0,0,0
2019-08-29,0,0,0,7,3,0,0,0,0,0,0,0,0,0,0,0,0,0,0,0,0,0,0,0,0,0,0
2019-08-30,1,1,2,17,9,1,0,1,0,0,0,0,2,0,0,1,0,0,0,0,0,0,1,0,0,0,0
2019-08-31,0,0,0,17,7,0,0,0,0,0,0,0,0,0,1,0,0,0,0,0,0,0,0,0,0,0,0
2019-09-01,0,0,1,22,10,0,0,0,1,0,0,1,1,0,3,0,0,0,1,0,0,0,0,0,0,0,0
2019-09-02,1,0,0,13,4,1,0,0,2,0,0,0,0,0,1,0,0,0,1,0,0,0,0,0,0,0,0
2019-09-03,2,0,0,35,18,0,0,0,1,0,0,0,1,0,2,0,0,0,0,0,0,0,0,1,0,0,0
2019-09-04,0,0,0,21,11,0,0,0,0,0,0,0,2,0,0,0,0,0,0,0,0,0,0,0,1,0,0
2019-09-05,3,0,0,21,10,0,0,0,1,0,0,0,1,0,0,0,0,0,1,0,0,1,0,1,0,0,0
2019-09-06,0,0,0,27,12,0,0,0,3,0,2,0,3,3,3,0,0,0,2,0,0,0,0,0,0,0,0
2019-09-07,2,0,0,13,8,0,0,0,0,0,1,0,0,0,1,0,0,0,0,0,0,0,0,0,2,0,0
2019-09-08,0,0,0,22,11,0,0,0,0,0,0,0,0,0,4,4,4,0,0,0,0,0,0,0,1,0,0
2019-09-09,2,0,0,31,13,0,0,0,1,0,1,0,0,0,2,1,0,0,0,1,0,0,0,1,1,0,0
2019-09-10,2,0,0,12,7,0,0,1,0,0,0,0,4,0,1,0,0,0,0,0,0,0,0,0,1,0,0
2019-09-11,1,1,1,28,12,0,0,0,0,1,0,0,2,0,3,1,0,0,1,0,1,1,1,0,1,0,0
2019-09-12,0,2,4,23,8,1,0,1,1,0,1,0,0,0,1,0,0,0,2,0,0,0,0,0,0,0,0
2019-09-13,0,0,0,41,18,0,0,1,1,0,1,0,1,0,3,4,2,0,0,0,0,2,0,0,0,0,0
2019-09-14,0,0,0,2,2,0,0,0,0,0,0,0,0,0,0,0,0,0,0,0,0,0,0,0,0,0,0
2019-09-15,0,0,0,7,3,0,1,0,0,0,0,0,0,0,2,2,0,0,0,0,0,0,0,0,0,1,0
2019-09-16,0,1,2,21,10,0,0,0,0,0,3,0,3,1,4,0,0,0,1,0,0,1,0,2,0,0,0
2019-09-17,2,0,0,16,6,0,0,0,1,0,0,0,0,0,2,0,0,0,2,0,0,0,0,1,1,0,0
2019-09-18,0,1,2,16,7,0,0,0,1,0,0,0,2,0,1,1,0,0,0,0,0,0,0,0,0,0,0
2019-09-19,1,0,0,18,7,0,0,0,1,0,0,0,0,0,2,0,0,0,0,0,0,1,0,1,1,0,0
2019-09-20,1,0,0,12,6,0,0,0,0,0,0,0,0,0,2,0,0,0,0,0,0,0,0,0,0,0,0
2019-09-21,0,0,0,1,1,0,0,0,0,0,0,0,0,0,0,0,0,0,0,0,0,0,0,0,0,0,0
2019-09-22,0,0,0,11,5,0,0,0,0,0,0,0,0,0,0,0,0,0,0,0,0,0,0,1,0,0,0
2019-09-23,5,0,0,21,9,1,0,0,0,0,0,0,0,0,3,2,0,0,0,0,0,0,0,0,2,0,0
2019-09-24,1,0,0,23,12,0,0,0,0,0,1,0,2,0,1,1,1,0,0,0,0,0,0,2,0,0,0
2019-09-25,2,0,2,25,11,1,1,1,0,0,0,0,1,0,2,6,3,1,1,0,0,0,0,1,1,0,0
2019-09-26,0,2,2,20,10,0,0,0,0,0,0,0,1,2,2,0,0,0,0,0,0,0,0,0,1,0,0
2019-09-27,0,0,0,6,4,0,0,0,0,0,0,0,0,0,0,0,0,0,0,0,0,0,0,0,1,0,0
2019-09-28,0,0,0,12,6,0,1,0,0,0,0,0,0,0,1,0,0,0,0,0,0,0,0,0,0,0,0
2019-09-29,0,0,0,13,7,0,0,0,1,0,0,0,0,0,1,0,0,0,0,0,0,0,0,1,0,0,0
2019-09-30,0,0,1,17,9,0,0,0,0,0,0,1,3,0,1,0,0,0,0,0,0,0,0,0,0,0,1
2019-10-01,2,0,0,16,7,0,0,0,1,0,0,0,0,1,0,1,1,0,0,0,0,0,0,0,0,0,0
2019-10-02,0,0,1,14,5,0,0,1,1,0,0,0,0,0,0,0,0,0,1,0,0,0,0,0,0,0,0
2019-10-03,1,0,0,5,2,0,0,0,0,0,0,0,0,0,2,2,0,0,0,0,0,0,0,0,1,1,0
2019-10-04,1,0,0,4,2,0,0,0,0,0,0,0,0,1,0,1,0,0,0,0,0,0,0,0,0,0,0
2019-10-05,1,0,0,9,4,0,0,0,0,0,0,0,0,0,0,0,0,0,0,0,0,0,0,0,1,0,0
2019-10-06,0,0,0,7,3,0,0,0,0,0,0,0,0,0,1,0,0,0,0,0,0,0,0,0,0,0,0
2019-10-07,1,1,1,24,10,1,0,0,0,0,0,0,0,0,0,3,1,0,1,1,0,1,0,3,2,0,0
2019-10-08,0,0,0,20,7,1,0,0,0,0,0,0,0,0,0,0,0,0,0,0,0,0,0,0,0,0,0
2019-10-09,4,0,1,30,10,1,1,0,3,0,0,0,1,0,3,2,1,1,0,0,0,0,0,1,0,0,0
2019-10-10,0,1,1,54,15,0,8,0,6,1,0,0,1,0,3,0,0,0,0,0,0,0,0,6,0,0,0
2019-10-11,0,0,0,21,7,0,2,0,3,0,0,0,0,0,0,1,0,0,0,0,0,0,0,0,0,0,0
2019-10-12,0,0,0,6,3,0,0,0,1,0,0,0,0,0,2,0,0,0,0,0,0,0,0,0,0,0,0
2019-10-13,0,0,0,9,3,0,0,0,0,0,0,0,0,1,1,0,0,0,1,0,0,0,0,1,0,0,0
2019-10-14,5,0,1,77,30,3,0,2,4,0,0,1,3,1,3,7,3,0,1,2,1,0,0,2,2,0,0
2019-10-15,3,0,2,43,18,0,1,0,1,0,0,0,7,1,6,0,0,1,0,0,0,0,0,0,1,0,1
2019-10-16,2,0,0,39,25,0,0,0,0,0,1,0,1,0,0,0,0,0,0,0,0,0,0,3,0,0,0
2019-10-17,1,0,0,32,16,0,0,0,1,0,0,0,2,0,1,3,1,0,0,0,0,0,1,0,0,1,0
2019-10-18,1,0,2,23,7,0,0,1,2,0,0,0,0,0,2,1,1,1,1,0,0,0,0,0,0,0,0
2019-10-19,0,0,1,8,4,0,0,0,1,0,0,1,0,0,1,1,1,0,0,0,1,0,0,0,0,0,0
2019-10-20,0,0,0,13,5,0,0,0,2,0,0,0,0,0,0,0,0,0,0,0,0,0,0,1,0,0,0
2019-10-21,7,0,0,44,19,0,0,0,2,1,0,0,0,0,2,2,1,0,0,0,0,1,0,0,0,0,0
2019-10-22,0,1,2,21,7,0,0,3,2,0,0,0,0,0,1,1,0,0,0,0,0,0,1,0,1,0,0
2019-10-23,2,0,0,39,17,0,0,0,2,0,0,0,2,0,4,0,0,0,0,0,1,0,0,7,0,0,0
2019-10-24,2,0,0,21,6,0,0,0,5,0,0,0,0,0,3,0,0,0,0,0,0,0,0,0,0,0,0
2019-10-25,0,0,2,14,7,0,0,0,0,0,0,0,2,0,0,0,0,1,0,0,0,0,0,0,0,0,0
2019-10-26,0,0,0,9,4,0,0,0,0,0,0,0,2,0,1,0,0,0,0,0,0,0,0,0,0,0,0
2019-10-27,0,0,0,0,0,0,0,0,0,0,0,0,1,0,0,0,0,0,0,0,0,0,0,0,0,0,0
2019-10-28,0,0,0,5,3,0,0,0,0,0,0,0,1,1,1,0,0,0,0,0,0,0,0,0,0,0,0
2019-10-29,0,0,0,22,11,0,0,1,0,0,0,0,1,0,1,5,0,0,1,1,0,0,0,0,0,4,0
2019-10-30,1,0,2,12,6,0,0,0,0,0,0,0,0,0,0,1,0,1,0,0,0,0,1,0,0,0,0
2019-10-31,0,0,1,11,4,0,0,0,0,0,0,1,0,0,3,6,2,0,2,0,0,0,2,0,0,2,1
2019-11-01,0,0,0,11,6,0,0,0,0,0,0,0,0,0,0,1,0,0,0,0,0,0,0,0,0,0,0
2019-11-02,0,0,0,4,2,0,0,0,0,0,1,0,0,0,0,2,0,0,0,2,0,0,0,0,0,0,0
2019-11-03,0,0,0,12,6,0,0,0,0,0,0,0,1,0,0,0,0,0,0,0,0,0,0,0,0,0,0
2019-11-04,0,0,2,19,8,0,0,0,2,1,0,1,0,0,2,1,0,0,0,0,0,0,1,0,0,0,1
2019-11-05,4,0,0,33,12,0,1,1,1,0,0,0,1,0,1,2,0,0,0,1,1,0,1,0,1,0,0
2019-11-06,0,0,2,12,3,0,0,0,0,0,0,0,2,0,2,0,0,1,0,0,0,0,0,0,0,0,0
2019-11-07,0,0,0,18,6,0,0,0,0,0,0,0,0,0,2,0,0,0,0,0,0,0,0,0,0,0,0
2019-11-08,1,1,1,25,12,0,0,0,1,0,0,0,0,0,0,3,0,0,0,1,0,0,0,0,0,1,0
2019-11-09,0,0,0,24,9,0,1,0,2,2,0,0,0,0,0,0,0,0,2,0,0,0,0,0,0,0,0
2019-11-10,1,0,0,12,5,0,0,0,1,0,0,0,0,0,2,0,0,0,0,0,0,0,0,0,0,0,0
2019-11-11,2,0,0,31,13,0,0,0,0,1,1,0,3,0,2,0,0,0,0,0,0,0,0,0,0,0,0
2019-11-12,2,0,0,26,15,0,0,0,0,0,1,0,1,0,2,2,0,0,0,0,0,0,0,0,0,1,0
2019-11-13,3,0,0,27,12,2,1,0,1,0,0,0,0,0,2,0,0,0,0,0,0,0,0,0,0,0,0
2019-11-14,0,0,1,6,2,0,0,1,0,0,0,1,1,0,1,2,0,0,0,1,1,0,0,0,0,0,0
2019-11-15,0,0,0,17,6,0,0,1,2,0,0,0,1,0,3,0,0,0,0,0,0,0,0,0,0,0,0
2019-11-16,1,0,0,50,16,2,0,0,2,2,0,0,0,0,1,1,1,0,0,0,0,0,0,0,0,0,0
2019-11-17,4,0,1,58,26,0,2,0,4,0,0,0,2,0,3,2,0,1,0,1,2,0,0,2,1,0,0
2019-11-18,6,2,4,133,68,1,1,0,4,0,2,2,2,1,16,2,1,0,1,0,0,0,0,1,1,0,0
2019-11-19,2,0,0,81,32,0,2,0,3,0,0,0,2,1,5,1,0,0,1,0,2,0,0,0,0,1,0
2019-11-20,0,0,0,45,17,2,0,0,4,1,0,0,1,0,7,0,0,0,0,0,0,0,0,0,0,0,0
2019-11-21,2,0,0,43,17,4,0,0,3,1,3,0,0,0,1,1,0,0,0,0,0,0,0,0,0,1,0
2019-11-22,0,0,0,41,20,0,0,0,1,0,0,0,0,1,1,0,0,0,1,0,0,0,0,0,0,0,0
2019-11-23,0,0,0,45,18,0,0,0,3,0,0,0,0,0,5,0,0,0,1,0,0,0,0,0,0,0,0
2019-11-24,2,0,1,36,22,0,1,0,3,0,0,0,0,0,0,0,0,1,0,0,0,0,0,1,0,0,0
2019-11-25,8,1,1,43,18,0,1,0,4,0,0,0,0,0,4,0,0,0,1,0,1,0,0,6,0,0,0
2019-11-26,5,0,0,41,20,0,0,0,0,0,0,0,1,0,3,5,1,0,0,1,0,1,0,0,0,0,0
2019-11-27,3,0,1,102,52,0,0,1,0,0,1,1,1,0,6,0,0,0,0,0,0,0,0,1,0,0,0
2019-11-28,2,0,0,66,40,1,0,0,0,0,0,0,3,1,5,2,0,0,1,1,0,0,0,0,1,0,0
2019-11-29,2,1,2,74,34,2,0,2,3,0,0,0,2,0,1,1,0,0,2,1,0,0,0,0,0,0,0
2019-11-30,2,1,2,55,15,0,1,0,10,2,0,0,1,1,3,4,1,0,1,0,1,0,0,0,0,1,0
2019-12-01,1,1,2,51,23,0,0,0,6,1,0,1,1,0,4,1,1,0,0,0,0,0,0,0,0,0,0
2019-12-02,3,0,0,102,44,0,1,1,11,0,0,0,0,0,7,1,1,0,1,0,0,0,0,1,2,0,0
2019-12-03,4,0,0,107,47,0,1,0,8,1,1,0,5,0,5,0,0,0,0,0,0,0,0,0,0,0,0
2019-12-04,1,0,1,45,23,0,1,1,1,0,0,0,2,0,10,0,0,1,0,0,0,0,0,0,0,0,1
2019-12-05,0,0,0,50,23,0,0,0,1,0,0,0,2,0,7,0,0,0,0,0,0,0,0,0,1,0,0
2019-12-06,1,0,1,35,19,0,0,0,2,0,0,1,1,0,2,3,2,0,0,0,0,0,0,1,0,0,0
2019-12-07,0,0,0,15,8,1,0,0,0,0,0,0,1,0,1,0,0,0,0,0,0,0,0,0,0,0,0
2019-12-08,3,0,0,15,10,0,0,0,0,0,0,0,1,0,1,0,0,0,0,0,0,0,0,0,1,0,0
2019-12-09,1,0,0,54,23,2,1,0,2,0,0,0,1,1,5,0,0,0,0,0,0,0,0,1,0,0,0
2019-12-10,1,0,0,31,16,1,0,0,1,0,0,0,2,1,2,0,0,0,0,0,0,0,0,0,0,0,0
2019-12-11,2,0,0,20,10,0,0,0,0,0,0,0,1,0,1,0,0,0,1,0,0,0,0,0,0,0,0
2019-12-12,3,0,0,42,16,0,0,0,2,0,0,0,0,0,2,3,0,0,0,1,0,0,0,0,0,0,0
2019-12-13,4,0,1,23,15,0,0,0,0,0,0,0,1,1,2,3,1,0,0,1,0,0,1,0,0,0,0
2019-12-14,1,0,0,2,1,0,0,0,0,0,0,0,0,0,0,0,0,0,0,0,0,0,0,0,0,0,0
2019-12-15,4,0,1,10,5,0,0,0,1,0,0,1,0,0,2,0,0,0,0,0,0,0,0,1,1,0,0
2019-12-16,0,0,0,21,7,0,0,0,2,0,0,0,0,0,3,0,0,0,0,0,1,0,0,0,1,0,0
2019-12-17,1,0,0,14,7,0,0,0,0,0,0,0,1,0,4,0,0,0,0,0,0,0,0,1,0,0,0
2019-12-18,0,1,2,22,11,0,0,0,1,0,0,0,0,0,3,0,0,1,0,0,0,0,0,0,0,0,0
2019-12-19,1,1,4,17,6,0,0,0,1,0,1,0,1,0,0,7,0,1,1,0,0,0,0,0,0,5,0
2019-12-20,1,0,4,19,6,0,0,0,0,0,0,0,4,0,1,0,0,0,1,0,0,0,0,0,0,0,0
2019-12-21,0,0,0,0,0,0,0,0,0,0,0,0,0,0,1,0,0,0,0,0,0,0,0,0,0,0,0
2019-12-22,0,0,1,7,0,0,0,1,1,0,0,0,0,0,0,0,0,1,2,0,0,0,0,0,0,0,0
2019-12-23,0,0,0,9,1,0,1,0,1,0,0,0,1,0,1,0,0,0,1,0,1,0,0,0,0,0,0
2019-12-26,0,0,0,0,0,0,0,0,0,0,0,0,3,0,0,1,0,0,0,0,0,0,0,0,0,0,0
2019-12-27,2,0,0,4,2,0,0,0,0,0,0,0,0,0,0,0,0,0,0,0,0,0,0,0,0,0,0
2019-12-28,1,0,0,1,0,0,0,0,0,0,0,0,0,0,1,0,0,0,0,0,0,0,0,0,0,0,0
2019-12-29,1,0,0,8,3,0,0,0,1,0,0,0,1,0,0,1,0,0,1,0,0,0,0,0,0,1,0
2019-12-30,0,0,0,1,0,0,0,0,0,0,0,0,0,0,0,0,0,0,0,0,0,0,0,0,0,0,0
2019-12-31,0,0,0,4,2,0,0,0,0,0,0,0,0,0,1,0,0,0,0,0,0,0,0,0,0,0,0
2020-01-01,0,0,0,8,4,0,0,0,0,0,0,0,0,0,0,0,0,0,0,0,0,0,0,0,0,0,0
2020-01-02,0,0,0,25,11,0,0,1,0,1,0,0,1,0,0,1,0,0,0,0,0,0,0,0,0,0,0
2020-01-03,2,0,0,16,5,0,0,0,1,0,0,0,0,0,0,2,1,0,2,0,0,0,0,0,0,1,0
2020-01-04,4,0,0,11,5,0,0,0,0,0,0,0,0,0,1,0,0,0,0,0,0,0,0,0,0,0,0
2020-01-05,2,0,2,20,9,1,0,0,0,0,0,1,0,0,1,2,0,1,1,0,0,0,0,0,0,1,1
2020-01-06,3,1,1,94,44,0,0,0,2,0,0,0,0,0,6,6,0,0,1,1,0,0,1,1,1,2,0
2020-01-07,2,0,2,50,23,0,0,0,2,0,0,1,0,0,3,0,0,0,0,0,0,0,0,2,0,0,0
2020-01-08,2,0,1,42,16,0,0,1,0,0,0,0,1,2,2,2,0,1,1,0,0,0,0,1,0,1,0
2020-01-09,3,0,0,57,23,1,0,0,2,0,0,0,2,1,4,0,0,0,2,0,0,0,0,0,1,0,0
2020-01-10,4,2,8,162,71,1,0,6,4,0,0,0,6,2,13,4,0,3,0,1,0,0,1,0,0,0,1
2020-01-11,5,0,2,85,36,1,0,0,0,0,0,1,2,1,3,0,0,0,1,0,0,0,0,0,6,0,0
2020-01-12,2,0,0,59,26,0,0,0,3,0,0,0,0,1,6,2,0,0,0,0,1,0,1,0,0,0,0
2020-01-13,7,1,4,88,43,0,1,0,5,0,0,0,6,0,8,0,0,2,2,0,0,0,0,7,0,0,0
2020-01-14,4,0,4,45,17,0,0,0,3,0,0,0,2,4,5,3,1,1,1,0,1,0,1,0,1,0,0
2020-01-15,1,0,1,56,20,0,0,0,6,1,0,1,3,0,8,2,0,0,1,0,2,0,1,0,0,0,0
2020-01-16,2,0,0,56,25,0,0,0,2,0,0,0,3,1,6,5,2,0,0,0,2,0,2,0,0,0,0
2020-01-17,6,0,0,31,13,0,0,1,0,0,0,0,0,2,1,1,0,0,0,0,0,0,0,0,0,0,1
2020-01-18,0,0,0,13,6,0,0,0,0,0,0,0,0,1,0,1,1,0,1,0,0,0,0,0,0,0,0
2020-01-19,0,0,0,13,9,0,0,0,0,0,0,0,0,0,1,2,1,0,0,0,0,0,0,0,0,0,0
2020-01-20,5,2,3,78,35,0,0,3,3,0,0,0,1,0,3,0,0,1,2,0,2,1,0,4,1,0,0
2020-01-21,3,0,0,50,24,0,0,0,3,0,0,0,0,0,5,0,0,0,0,0,0,0,0,0,0,0,0
2020-01-22,2,1,3,31,12,0,0,0,1,1,0,0,0,3,6,1,0,1,0,0,0,0,0,0,0,1,0
2020-01-23,8,2,9,82,37,0,0,0,1,1,0,1,1,0,8,1,0,4,0,0,0,0,1,0,1,0,1
2020-01-24,1,0,0,46,19,0,1,0,4,0,0,0,2,0,3,0,0,0,0,0,0,0,0,1,0,0,0
2020-01-25,1,0,0,25,12,0,0,0,1,0,0,0,2,0,2,0,0,0,0,0,0,0,0,0,0,0,0
2020-01-26,0,0,0,24,14,0,0,0,0,0,0,0,1,0,0,0,0,0,0,0,0,0,0,1,0,0,0
2020-01-27,5,0,1,61,34,0,0,0,4,0,0,0,3,0,9,3,1,1,0,0,0,0,0,2,0,0,0
2020-01-28,1,0,0,43,17,0,0,0,3,1,4,0,6,0,9,0,0,0,0,0,2,0,0,0,1,0,0
2020-01-29,1,0,1,34,18,1,0,0,0,0,1,0,0,0,3,3,0,1,0,0,0,0,0,0,0,1,0
2020-01-30,2,0,0,22,12,0,0,0,2,0,0,0,1,0,4,0,0,0,0,0,0,0,0,0,0,0,0
2020-01-31,2,0,0,31,14,0,1,0,1,0,0,0,3,0,3,0,0,0,0,0,1,0,0,1,0,0,0
2020-02-01,0,0,0,13,8,0,0,0,0,0,0,0,0,0,0,0,0,0,0,0,0,0,0,0,0,0,0
2020-02-02,3,0,0,20,9,0,1,0,1,0,0,0,0,1,1,5,0,0,0,0,0,0,1,0,0,2,0
2020-02-03,0,0,1,28,14,0,0,0,0,0,1,0,0,0,3,0,0,0,0,0,0,0,0,0,0,0,0
2020-02-04,0,0,1,66,32,0,0,1,3,0,0,1,3,2,1,1,0,0,0,0,1,0,0,0,0,0,2
2020-02-05,2,1,5,73,27,1,1,5,6,0,0,2,4,0,6,5,1,0,1,2,0,0,0,0,0,0,0
2020-02-06,1,1,1,29,14,0,0,0,0,0,0,0,0,0,1,1,0,0,0,0,0,0,0,0,0,0,0
2020-02-07,1,1,2,26,17,0,0,0,0,0,0,0,1,0,3,1,0,1,1,0,0,1,0,0,0,0,0
2020-02-08,1,0,0,24,14,0,0,0,0,0,0,0,4,0,0,2,0,0,0,0,0,0,0,0,0,0,0
2020-02-09,15,0,1,206,98,3,2,1,13,0,0,1,6,2,9,10,1,0,2,0,1,0,0,1,1,2,0
2020-02-10,4,0,10,90,36,3,2,2,6,2,0,1,2,3,5,3,0,3,0,0,1,0,1,0,0,0,0
2020-02-11,4,0,0,49,20,3,0,2,1,0,0,0,0,0,3,1,0,0,0,0,0,0,0,0,1,0,0
2020-02-12,4,0,0,37,16,0,0,1,0,0,1,0,3,1,3,0,0,0,3,0,2,1,0,1,0,0,1
2020-02-13,3,0,0,36,18,0,0,0,2,1,0,0,2,0,2,2,0,0,0,0,0,0,0,0,0,1,0
2020-02-14,2,0,2,40,23,0,0,0,2,1,0,2,2,0,4,0,0,0,0,0,0,0,0,1,0,0,0
2020-02-15,2,0,0,17,8,0,0,0,0,0,0,0,0,0,2,0,0,0,1,0,0,0,0,0,0,0,0
2020-02-16,2,0,0,22,10,1,1,0,5,0,0,0,2,0,3,2,0,0,0,0,0,0,0,0,0,0,0
2020-02-17,1,0,2,16,9,3,0,0,1,0,0,1,3,0,4,0,0,0,0,0,0,0,0,0,0,0,1
2020-02-18,3,0,0,12,5,0,0,0,0,0,0,0,0,0,0,2,0,0,1,0,0,0,0,1,0,1,0
2020-02-19,1,0,5,34,12,0,1,0,0,0,0,1,3,0,4,6,0,2,1,2,0,0,0,0,0,1,0
2020-02-20,1,0,0,28,11,0,0,0,2,1,0,0,1,0,0,0,0,0,0,0,1,0,0,0,0,0,0
2020-02-21,7,0,1,14,7,1,0,0,2,0,0,0,0,0,0,0,0,0,0,0,0,0,0,1,1,0,0
2020-02-22,0,0,0,17,5,0,0,0,4,1,0,0,2,1,3,3,0,0,0,0,0,0,0,0,0,3,0
2020-02-23,3,0,0,28,10,1,0,0,1,1,0,0,0,0,0,1,0,0,0,0,0,0,0,1,0,0,0
2020-02-24,5,0,0,39,17,0,1,1,2,1,0,0,0,0,2,4,0,0,1,0,1,1,0,0,2,2,0
2020-02-25,8,0,0,62,33,0,0,0,5,0,0,0,1,1,7,3,0,0,4,0,1,0,0,0,1,2,0
2020-02-26,4,1,1,91,45,0,0,0,3,0,0,0,1,1,4,3,0,0,0,1,1,1,0,1,0,1,0
2020-02-27,9,0,0,56,24,1,1,0,3,0,0,0,2,0,2,3,0,0,0,1,0,0,0,1,2,1,0
2020-02-28,4,0,1,34,11,6,0,1,1,0,0,0,1,0,0,1,0,0,0,0,1,1,0,0,1,1,1
2020-02-29,1,0,1,25,15,0,0,0,0,0,0,0,1,0,2,2,2,1,0,0,0,0,0,0,0,0,1
2020-03-01,2,0,1,14,9,0,0,0,1,0,0,1,0,0,4,2,0,0,0,0,0,0,0,1,0,1,0
2020-03-02,7,0,0,46,21,0,0,0,1,0,0,0,1,1,2,0,0,0,0,0,0,0,0,0,2,0,0
2020-03-03,3,0,0,51,22,2,0,0,4,0,0,0,1,0,4,2,0,0,0,0,0,0,0,1,0,1,0
2020-03-04,0,0,0,39,17,0,0,0,1,0,0,0,0,0,4,1,1,0,0,0,0,2,0,0,0,0,0
2020-03-05,0,0,0,27,8,2,1,0,3,1,0,0,0,0,2,0,0,0,1,0,0,0,0,1,0,0,0
2020-03-06,0,0,0,20,9,0,0,0,1,0,0,0,0,0,1,0,0,0,0,0,0,0,0,0,0,0,0
2020-03-07,0,0,1,58,26,0,1,0,4,0,0,0,0,1,1,0,0,0,0,0,1,0,0,2,0,0,0
2020-03-08,2,0,0,22,9,0,0,1,2,1,0,0,0,0,1,0,0,0,0,0,0,0,0,0,0,0,0
2020-03-09,3,0,0,33,16,0,0,0,2,0,0,0,0,0,2,1,0,0,1,1,1,0,0,1,0,0,0
2020-03-10,5,0,0,27,11,1,0,0,0,0,0,0,0,0,2,0,0,0,0,0,1,0,0,4,0,0,0
2020-03-11,3,0,0,31,10,1,0,0,4,3,0,0,1,1,1,0,0,0,0,0,0,0,0,0,0,0,1
2020-03-12,1,0,0,23,11,0,0,0,2,1,0,0,0,0,2,1,1,0,1,0,0,0,0,5,4,0,0
2020-03-13,1,0,0,19,7,0,0,0,1,0,0,0,1,1,1,0,0,0,0,0,0,0,0,0,0,0,0
2020-03-14,1,0,0,22,10,0,1,0,1,1,0,0,0,0,1,0,0,0,0,0,0,0,0,0,0,0,0
2020-03-15,0,0,0,16,6,0,1,2,0,0,0,0,0,1,1,3,0,0,0,2,0,0,0,0,0,0,0
2020-03-16,8,0,1,52,23,0,0,2,2,0,1,0,1,2,0,0,0,1,0,0,0,0,0,0,0,0,0
2020-03-17,2,0,0,29,12,1,1,0,2,0,0,0,2,0,1,1,0,0,0,0,0,0,0,0,0,0,0
2020-03-18,2,1,1,28,12,0,0,0,1,1,0,0,1,0,0,2,0,0,0,0,0,0,0,0,1,1,0
2020-03-19,1,0,0,9,3,0,1,0,1,0,0,0,1,0,2,1,0,0,1,0,0,0,0,1,0,1,1
2020-03-20,5,0,0,21,11,0,0,1,3,0,0,0,3,0,2,2,0,0,0,0,0,0,0,0,0,0,1
2020-03-21,3,0,0,9,3,1,0,1,1,0,0,0,1,0,1,0,0,0,0,0,0,0,0,0,0,0,0
2020-03-22,1,0,0,6,4,0,0,0,0,0,0,0,0,0,0,0,0,0,0,0,0,0,0,0,0,0,0
2020-03-23,4,0,0,32,12,0,0,0,0,0,0,0,0,1,1,3,0,0,0,1,0,0,0,0,0,1,0
2020-03-24,2,0,1,31,16,1,1,0,1,0,0,0,0,0,0,0,0,1,0,0,3,0,0,2,1,0,2
2020-03-25,4,0,0,29,12,2,0,1,0,0,0,0,3,1,1,0,0,0,0,0,2,0,0,0,0,0,1
2020-03-26,3,0,0,18,9,0,0,1,0,0,0,0,0,0,0,1,0,0,0,0,1,0,0,0,0,0,0
2020-03-27,1,0,0,28,12,1,0,0,2,0,0,0,1,0,2,1,0,0,0,1,0,0,0,0,1,0,0
2020-03-28,2,0,0,13,6,0,0,1,0,0,0,0,0,0,0,0,0,0,0,0,0,0,0,0,0,0,0
2020-03-29,1,0,2,13,4,1,0,0,2,0,0,0,1,0,0,2,0,1,1,1,0,0,0,1,0,0,0
2020-03-30,5,1,1,31,18,0,0,0,0,0,0,0,0,0,1,1,0,0,0,0,1,0,0,0,1,0,0
2020-03-31,7,0,0,78,45,0,0,0,1,0,0,0,2,1,3,3,0,0,0,1,1,0,0,4,4,0,0
2020-04-01,5,0,0,53,28,0,0,0,2,0,0,0,3,0,8,0,0,0,1,0,0,0,0,0,1,0,0
2020-04-02,2,0,0,56,25,0,1,0,2,0,0,0,0,0,4,7,0,0,0,2,1,0,0,1,0,1,0
2020-04-03,2,0,0,29,14,0,0,1,2,1,0,0,1,0,1,2,0,0,0,0,0,0,0,0,0,2,0
2020-04-04,2,0,0,14,5,0,0,0,1,0,0,0,1,1,2,0,0,0,0,0,1,0,0,0,1,0,0
2020-04-05,1,0,0,10,6,0,0,1,0,0,0,0,1,0,2,2,0,0,0,1,0,0,0,0,0,0,0
2020-04-06,3,0,0,16,5,1,0,0,1,0,0,0,0,0,1,1,0,0,0,1,0,0,0,0,0,0,0
2020-04-07,9,0,2,228,108,2,0,0,7,2,0,1,5,2,23,12,2,1,2,5,11,0,0,0,0,0,0
2020-04-08,5,0,1,161,74,0,2,0,5,1,0,1,3,0,8,1,0,0,1,0,1,0,1,0,1,0,0
2020-04-09,1,0,1,42,25,0,0,0,1,0,0,0,0,0,3,3,0,1,0,1,1,0,0,0,1,1,0
2020-04-10,5,0,0,34,17,0,1,0,1,0,0,0,0,0,1,0,0,0,0,0,1,0,0,0,0,0,0
2020-04-11,1,0,0,3,1,0,0,0,0,0,0,0,0,0,3,0,0,0,0,0,0,0,0,0,0,0,0
2020-04-12,1,0,0,10,3,0,1,0,0,0,0,0,1,0,1,1,0,0,0,0,1,0,1,0,0,0,0
2020-04-13,2,0,0,28,12,0,2,0,5,1,0,0,0,0,2,0,0,0,0,0,0,0,0,1,0,0,0
2020-04-14,5,0,3,38,18,0,1,0,1,0,0,1,0,0,6,1,0,1,0,0,3,0,0,0,0,0,0
2020-04-15,0,0,0,22,8,1,0,0,2,0,0,0,1,0,1,4,2,0,0,0,1,0,1,0,0,0,0
2020-04-16,10,0,0,34,14,0,0,0,4,1,0,0,5,1,2,5,0,0,0,1,1,0,0,0,1,0,0
2020-04-17,6,0,0,36,11,4,3,0,2,1,0,0,0,0,1,0,0,0,0,0,1,0,0,0,0,0,0
2020-04-18,0,0,0,12,5,0,0,0,2,0,0,0,0,1,0,3,0,0,0,2,0,0,0,0,0,0,0
2020-04-19,1,0,0,33,15,1,1,0,2,0,0,0,0,0,2,1,0,0,0,0,0,0,0,0,2,0,0
2020-04-20,2,0,0,63,32,0,0,1,4,0,0,0,0,0,20,1,1,0,0,0,1,0,0,2,0,0,0
2020-04-21,13,0,3,93,54,0,0,0,1,0,1,0,3,1,7,9,0,2,1,1,1,0,0,3,1,0,0
2020-04-22,13,0,0,59,30,1,1,0,1,0,0,0,0,0,8,0,0,0,0,0,2,0,0,0,0,0,0
2020-04-23,3,0,0,59,32,0,0,0,4,0,0,0,2,1,5,6,2,0,0,0,2,0,0,4,0,0,0
2020-04-24,1,0,0,16,8,0,0,0,0,0,0,0,3,0,1,0,0,0,0,0,0,0,0,0,0,0,0
2020-04-25,2,0,0,6,2,1,0,0,1,0,0,0,1,0,1,0,0,0,0,0,0,0,0,0,0,0,0
2020-04-26,2,0,0,11,4,0,1,0,0,0,0,0,0,0,0,0,0,0,0,0,0,0,0,0,0,0,0
2020-04-27,4,1,1,55,26,0,0,0,4,0,1,0,2,0,3,4,1,0,0,1,0,0,0,1,3,0,0
2020-04-28,9,0,0,30,20,0,0,1,1,0,0,0,0,0,2,1,1,0,0,0,0,0,0,2,1,0,0
2020-04-29,5,1,1,37,17,1,1,0,2,0,0,0,2,1,2,8,2,0,0,1,0,0,0,0,0,0,1
2020-04-30,3,0,0,35,17,0,0,1,1,0,0,0,1,1,2,3,0,0,0,2,0,0,0,0,0,0,1
2020-05-01,7,0,0,40,23,0,0,1,0,0,0,0,9,0,12,3,1,0,0,0,7,0,0,1,0,1,0
2020-05-02,1,0,0,15,6,0,0,0,2,0,0,0,0,0,0,0,0,0,0,0,1,0,0,0,0,0,0
2020-05-03,1,0,0,15,8,0,0,0,0,0,0,0,0,0,0,0,0,0,0,0,0,0,0,0,0,0,0
2020-05-04,3,0,2,67,32,2,0,0,5,0,0,1,3,1,3,13,1,0,0,0,0,0,0,0,0,6,0
2020-05-05,2,0,1,48,25,0,0,1,1,0,0,0,2,1,2,4,0,1,0,2,0,0,0,3,0,0,0
2020-05-06,2,0,0,39,19,1,1,0,3,0,0,0,0,0,0,1,0,0,1,0,0,0,0,1,0,0,0
2020-05-07,4,0,0,43,17,0,0,0,1,0,0,0,0,0,0,0,0,0,1,0,0,0,0,0,1,0,0
2020-05-08,3,0,0,11,6,0,0,0,0,0,0,0,0,0,0,0,0,0,0,0,0,0,0,0,0,0,0
2020-05-09,0,0,1,8,4,0,0,0,1,0,0,0,1,0,2,2,1,0,0,0,0,0,0,0,0,0,0
2020-05-10,3,0,0,17,10,0,0,0,0,0,0,0,0,0,2,1,1,0,1,0,0,0,0,0,0,0,0
2020-05-11,6,1,3,77,44,3,2,0,4,0,0,0,0,0,2,24,0,0,1,0,0,0,0,1,2,0,0
2020-05-12,4,0,0,68,33,1,0,2,3,2,0,0,3,0,1,4,0,0,0,1,0,0,1,3,0,1,0
2020-05-13,4,0,3,31,14,1,0,0,1,0,0,0,0,0,4,5,1,1,0,0,1,0,0,2,0,0,0
2020-05-14,3,0,1,47,22,0,3,0,1,0,0,0,0,0,4,3,0,0,1,1,0,0,0,1,0,0,0
2020-05-15,0,0,0,27,11,2,0,0,1,0,0,0,0,0,0,1,0,0,0,0,0,0,0,1,2,0,0
2020-05-16,1,0,0,9,3,0,0,0,1,0,0,0,0,0,1,1,0,0,0,0,0,0,0,1,0,0,0
2020-05-17,1,0,2,23,14,0,0,0,0,0,0,1,1,0,2,2,0,0,0,0,0,0,0,0,0,1,0
2020-05-18,3,1,1,91,41,0,0,2,5,0,1,0,0,0,5,2,1,0,1,0,0,0,0,0,0,0,0
2020-05-19,3,0,2,53,27,0,0,0,3,0,0,0,1,0,1,0,0,1,0,0,0,0,0,3,0,0,0
2020-05-20,4,0,0,67,35,0,0,0,4,0,0,0,3,0,6,1,0,0,0,1,0,0,0,2,0,0,0
2020-05-21,7,0,1,75,32,0,0,0,2,0,0,1,2,0,7,8,2,0,0,1,1,1,0,2,0,2,0
2020-05-22,4,1,1,29,13,0,0,0,1,0,0,0,0,0,1,7,0,0,0,1,1,0,0,3,0,4,0
2020-05-23,3,0,0,28,8,0,0,2,7,0,0,0,0,0,0,0,0,0,0,0,0,0,0,0,0,0,0
2020-05-24,4,0,0,23,13,1,0,0,1,0,0,0,3,1,1,2,1,0,0,1,0,0,0,0,0,0,0
2020-05-25,4,0,0,12,4,1,1,0,1,0,0,0,1,0,1,2,0,0,0,1,0,0,0,0,0,0,0
2020-05-26,3,0,1,11,6,0,0,0,1,0,0,0,0,0,0,3,0,1,0,1,1,0,0,1,0,0,0
2020-05-27,1,1,1,23,9,0,0,0,2,0,0,0,0,0,1,0,0,0,1,0,0,0,0,0,1,0,0
2020-05-28,2,0,0,26,15,0,0,0,0,0,0,0,0,0,1,1,0,0,0,1,0,0,0,0,0,0,0
2020-05-29,4,0,0,49,21,0,0,0,5,0,0,0,1,0,4,0,0,0,0,0,0,0,0,0,0,0,0
2020-05-30,0,0,1,23,12,0,0,0,0,0,0,0,0,0,0,0,0,1,0,0,0,0,0,0,0,0,0
2020-05-31,4,0,1,20,11,0,0,0,2,0,0,1,0,0,0,1,0,0,0,0,4,0,0,0,0,1,0
2020-06-01,0,1,2,45,19,0,0,0,1,0,0,1,2,0,5,0,0,0,1,0,1,0,0,1,0,0,2
2020-06-02,3,0,0,39,17,0,0,0,1,0,0,0,0,0,0,2,1,0,0,0,2,0,0,2,1,0,0
2020-06-03,2,0,0,42,22,1,1,0,3,0,0,0,4,0,2,11,4,0,0,2,0,0,0,0,0,0,0
2020-06-04,4,0,1,54,28,0,0,0,1,0,0,0,1,0,1,0,0,0,0,0,0,0,0,1,0,0,0
2020-06-05,5,0,2,54,26,0,0,1,4,0,0,2,1,0,2,0,0,0,0,0,1,0,0,0,0,0,0
2020-06-06,2,0,0,13,8,0,0,0,1,0,0,0,0,0,1,1,0,0,0,0,0,0,0,0,0,1,0
2020-06-07,0,0,0,11,4,0,0,0,2,0,0,0,1,0,1,0,0,0,0,0,0,0,0,0,0,0,0
2020-06-08,1,0,0,43,18,0,0,0,3,0,1,0,0,0,1,0,0,0,1,0,0,0,0,1,1,0,0
2020-06-09,2,0,1,42,19,1,0,0,2,0,0,0,1,0,2,2,1,1,0,0,1,0,0,0,0,0,0
2020-06-10,3,0,0,34,8,0,0,0,2,0,0,0,2,0,2,0,0,0,0,0,0,0,0,0,0,0,0
2020-06-11,5,0,0,50,22,0,0,0,3,0,0,0,1,0,1,8,4,0,0,0,0,0,0,3,1,0,0
2020-06-12,1,0,1,12,6,0,0,0,0,0,0,0,2,0,3,1,0,0,0,0,0,0,0,0,0,0,1
2020-06-13,1,0,0,27,15,0,0,0,1,0,0,0,0,0,0,1,0,0,1,0,0,0,0,0,0,0,0
2020-06-14,3,0,1,24,10,1,0,0,2,0,0,0,0,0,0,2,0,1,0,1,2,0,0,0,0,0,0
2020-06-15,3,0,0,54,28,0,0,0,1,0,0,0,1,0,2,2,1,0,2,0,0,0,0,3,0,1,0
2020-06-16,5,0,0,66,31,0,0,0,8,0,0,0,2,0,3,2,0,0,0,0,4,0,0,1,0,1,0
2020-06-17,6,0,1,54,28,0,1,0,1,0,0,1,1,0,3,1,0,0,0,0,0,5,0,2,2,1,0
2020-06-18,7,0,0,52,23,0,1,0,2,0,0,0,2,0,4,2,0,0,0,0,0,0,1,0,1,0,0
2020-06-19,0,0,0,35,14,0,0,0,2,0,1,0,2,0,3,1,0,0,0,1,0,0,0,0,0,0,0
2020-06-20,2,0,0,165,72,1,0,2,12,1,0,0,1,0,6,4,2,0,3,0,2,0,0,0,1,0,0
2020-06-21,1,0,0,40,21,1,2,0,4,0,0,0,0,0,0,4,0,0,0,1,0,0,0,0,0,1,0
2020-06-22,6,0,0,258,136,0,0,2,4,0,0,0,0,2,9,0,0,0,2,0,3,0,0,2,0,0,0
2020-06-23,7,0,0,201,105,1,2,0,10,1,0,0,4,1,13,5,0,0,2,3,3,0,0,0,0,0,0
2020-06-24,8,0,3,90,35,2,0,0,13,0,0,1,4,1,7,1,0,1,0,0,0,0,0,1,0,0,1
2020-06-25,1,2,3,60,29,1,0,1,2,0,0,0,1,0,1,0,0,1,0,0,1,0,0,4,0,0,0
2020-06-26,2,3,3,51,26,0,0,0,3,0,0,0,0,0,6,0,0,0,0,0,0,0,0,1,0,0,0
2020-06-27,0,0,0,27,13,1,0,0,2,0,0,0,0,0,2,0,0,0,0,0,0,0,0,0,0,0,0
2020-06-28,6,0,0,14,9,0,0,0,0,0,0,0,1,0,1,0,0,0,0,0,1,0,0,1,0,0,0
2020-06-29,4,0,1,69,34,0,0,4,2,0,0,1,1,0,2,0,0,0,0,0,1,0,0,0,0,0,0
2020-06-30,6,1,3,89,38,1,1,1,10,1,0,1,2,0,8,2,0,0,1,1,0,0,0,2,0,0,0
2020-07-01,10,1,2,48,21,0,0,0,5,0,0,0,0,1,1,5,0,1,0,1,0,1,1,2,0,1,0
2020-07-02,7,1,2,52,28,0,0,0,3,0,0,1,2,0,4,1,0,0,1,1,1,1,0,2,1,0,0
2020-07-03,6,0,1,127,73,1,0,0,2,0,0,1,1,0,5,0,0,0,0,0,0,0,0,0,1,0,0
2020-07-04,1,0,0,43,20,0,1,0,1,0,1,0,0,0,3,0,0,0,0,0,0,0,0,0,0,0,0
2020-07-05,2,0,0,29,11,1,0,0,3,0,0,0,0,0,4,0,0,0,0,0,0,0,0,0,0,0,0
2020-07-06,1,0,0,85,37,0,0,4,2,0,0,0,0,0,6,1,0,0,1,1,1,0,0,0,0,0,0
2020-07-07,7,0,0,92,48,0,1,2,4,0,0,0,1,0,4,0,0,0,1,0,1,0,0,2,1,0,0
2020-07-08,4,2,3,91,46,1,0,1,2,0,0,0,2,0,5,0,0,0,0,0,1,0,0,0,3,0,0
2020-07-09,4,0,2,78,36,1,1,2,2,0,0,2,0,0,3,1,0,0,0,1,1,0,0,2,1,0,0
2020-07-10,2,0,0,52,25,0,0,0,3,0,0,0,1,0,3,0,0,0,0,0,1,0,0,0,1,0,1
2020-07-11,4,0,0,8,4,0,0,0,0,0,0,0,0,0,0,0,0,0,0,0,0,0,0,0,0,0,0
2020-07-12,1,0,0,17,3,0,0,8,0,0,0,0,0,0,3,7,0,0,0,0,0,0,0,0,0,0,0
2020-07-13,5,0,0,50,25,0,0,0,3,0,0,0,1,0,3,0,0,0,0,0,1,0,0,0,0,0,1
2020-07-14,4,0,0,68,37,0,0,0,6,1,0,0,1,0,9,0,0,0,0,0,1,0,0,0,2,0,0
2020-07-15,5,0,0,32,15,0,0,0,3,0,0,0,3,1,8,2,0,0,0,2,1,0,0,1,0,0,0
2020-07-16,1,0,0,42,21,1,0,1,1,0,0,0,0,1,1,10,1,0,0,0,0,0,0,0,1,4,0
2020-07-17,3,2,3,65,30,1,0,0,5,0,0,1,3,0,6,1,0,0,1,0,0,0,0,0,0,1,1
2020-07-18,0,0,0,7,4,0,0,0,0,0,0,0,1,0,0,0,0,0,0,0,0,0,0,1,0,0,0
2020-07-19,2,0,0,9,2,0,0,1,1,0,0,0,0,0,0,3,0,0,0,2,0,0,0,0,2,0,0
2020-07-20,4,1,1,32,14,0,0,1,2,0,0,0,0,2,8,3,1,0,2,0,0,0,1,0,0,1,0
2020-07-21,4,0,0,35,15,0,0,0,3,1,0,0,1,0,3,0,0,0,0,0,1,0,0,1,1,0,1
2020-07-22,1,0,0,13,7,1,0,0,0,0,0,0,0,0,3,0,0,0,0,0,0,0,0,5,0,0,0
2020-07-23,2,0,0,14,8,0,0,0,0,0,0,0,0,0,0,0,0,0,0,0,0,0,0,0,0,0,0
2020-07-24,1,0,1,18,7,2,0,0,1,0,0,1,0,0,0,0,0,0,0,0,0,0,0,0,0,0,0
2020-07-25,1,0,0,3,1,0,0,0,0,0,0,0,1,1,2,0,0,0,0,0,0,0,0,0,0,0,0
2020-07-26,0,0,0,4,3,0,0,0,0,0,0,0,0,0,2,0,0,0,0,0,0,0,0,0,0,0,0
2020-07-27,3,0,1,40,18,1,0,0,1,0,0,1,0,0,1,0,0,0,1,0,0,0,0,2,0,0,0
2020-07-28,3,0,0,21,7,2,0,0,3,0,0,0,1,0,2,0,0,0,0,0,1,0,0,0,0,0,0
2020-07-29,2,0,0,11,1,2,0,1,2,0,0,0,1,0,2,1,0,0,0,0,1,0,0,0,0,0,0
2020-07-30,1,0,0,3,1,0,0,0,0,0,0,0,0,0,0,0,0,0,0,0,0,0,0,0,0,0,0
2020-07-31,1,0,0,3,2,0,0,0,0,0,0,0,0,0,0,0,0,0,0,0,0,0,0,1,0,0,0
2020-08-01,1,0,0,9,1,0,1,0,2,1,0,0,0,0,0,0,0,0,0,0,0,0,0,0,0,0,0
2020-08-02,3,0,0,5,3,0,0,0,0,0,0,0,0,0,1,0,0,0,0,0,0,0,0,0,0,0,0
2020-08-03,1,0,1,9,5,0,0,0,0,0,0,0,0,0,0,0,0,0,0,0,0,0,0,0,0,0,0
2020-08-04,5,1,2,11,3,0,0,0,0,0,0,0,1,0,1,0,0,0,1,0,1,0,0,0,0,0,0
2020-08-05,5,0,0,12,4,0,0,0,0,0,0,0,1,0,0,2,0,0,0,0,0,0,1,1,0,0,0
2020-08-06,5,0,0,14,5,1,0,0,1,1,2,0,0,0,1,2,1,0,0,0,0,0,0,1,0,0,0
2020-08-07,3,0,0,8,3,0,0,0,0,0,0,0,2,0,0,0,0,0,0,0,0,0,0,0,1,0,0
2020-08-08,0,0,0,3,1,0,1,0,0,0,0,0,0,0,1,0,0,0,0,0,0,0,0,0,0,0,0
2020-08-09,0,0,0,18,6,0,1,0,5,0,0,0,1,0,0,0,0,0,0,0,0,0,0,0,0,0,0
2020-08-10,5,1,2,20,6,0,2,0,2,0,1,0,2,0,1,1,0,0,1,0,1,0,0,1,1,0,0
2020-08-11,0,0,0,15,7,0,0,0,1,0,0,0,0,0,1,3,1,0,2,1,0,0,0,0,0,0,0
2020-08-12,1,0,0,10,3,1,0,0,1,0,0,0,1,0,0,0,0,0,0,0,1,0,0,0,0,0,0
2020-08-13,0,0,0,23,11,1,0,0,1,0,0,0,1,0,1,0,0,0,1,0,0,0,0,1,1,0,0
2020-08-14,2,1,1,23,12,0,0,0,1,0,0,0,0,0,2,0,0,0,0,0,0,0,0,0,0,0,0
2020-08-15,0,0,0,10,6,0,0,0,0,0,0,0,0,1,2,0,0,0,0,0,0,0,0,0,0,0,0
2020-08-16,0,0,1,9,5,0,0,0,0,0,0,1,0,0,0,0,0,0,0,0,0,0,0,0,0,0,0
2020-08-17,3,0,1,18,9,0,0,0,2,0,0,0,2,0,1,3,0,0,0,0,0,0,0,1,0,2,0
2020-08-18,4,0,0,38,17,0,0,0,1,0,0,0,1,0,2,3,0,0,2,1,0,0,0,0,0,1,0
2020-08-19,6,0,2,45,19,1,2,0,3,0,0,0,1,0,2,5,0,1,1,0,0,0,1,2,0,0,0
2020-08-20,2,0,0,28,13,0,0,0,3,1,0,0,1,0,1,1,0,0,0,1,0,0,0,0,0,0,0
2020-08-21,5,0,1,34,19,0,1,0,1,1,0,1,0,0,2,0,0,0,1,0,0,0,0,0,0,0,0
2020-08-22,4,0,0,20,10,1,1,0,0,0,0,0,0,0,1,5,1,0,0,2,0,0,0,0,0,0,0
2020-08-23,1,0,0,15,5,1,1,0,0,0,0,0,1,0,3,2,1,0,0,0,1,0,0,0,0,0,0
2020-08-24,2,0,0,51,20,0,0,1,4,0,0,0,0,0,6,1,0,0,0,0,0,0,1,1,0,0,0
2020-08-25,3,0,1,62,30,0,0,0,1,0,0,1,1,1,4,3,0,0,0,0,0,0,0,1,0,1,0
2020-08-26,8,2,2,36,13,1,0,0,5,1,0,0,1,0,2,3,1,0,1,1,0,0,0,1,0,0,0
2020-08-27,4,0,0,40,16,0,0,0,5,0,0,0,1,0,4,0,0,0,0,0,1,0,0,0,0,0,0
2020-08-28,3,2,3,41,17,2,1,0,2,0,0,0,0,0,5,0,0,0,0,0,0,0,0,0,0,0,0
2020-08-29,1,0,0,21,9,1,1,0,0,0,0,0,0,0,2,0,0,0,0,0,0,0,0,0,0,0,0
2020-08-30,1,0,1,24,9,0,0,0,2,1,0,0,0,0,0,0,0,1,0,0,0,0,0,0,0,0,0
2020-08-31,6,0,2,37,23,0,0,0,0,0,0,1,0,0,0,3,0,0,0,1,0,0,1,1,0,0,0
2020-09-01,5,0,0,72,29,0,0,4,4,0,0,0,1,0,5,0,0,0,0,0,0,0,0,2,0,0,0
2020-09-02,5,0,0,98,48,1,0,0,1,0,0,0,2,0,3,1,1,0,0,0,2,0,0,3,0,0,0
2020-09-03,8,0,1,73,34,0,0,0,1,0,0,0,0,0,18,3,0,0,1,0,0,0,0,1,2,2,1
2020-09-04,3,1,2,53,26,1,1,0,0,0,0,0,0,1,9,1,0,1,0,1,0,0,0,1,1,0,0
2020-09-05,3,0,0,36,17,1,1,0,1,0,0,0,1,0,0,0,0,0,0,0,1,0,0,0,1,0,0
2020-09-06,5,0,0,57,30,0,0,2,3,0,0,0,0,0,2,0,0,0,0,0,0,0,0,0,0,0,0
2020-09-07,4,0,0,79,40,0,0,0,4,0,0,0,2,1,16,2,1,0,1,0,1,0,0,0,3,0,0
2020-09-08,14,0,0,116,49,1,0,1,8,2,0,0,2,0,10,17,3,0,0,7,3,0,0,6,1,1,0
2020-09-09,10,0,0,73,31,1,0,1,4,0,0,0,1,1,8,0,0,0,1,0,0,0,0,3,2,0,0
2020-09-10,10,0,2,48,24,0,0,0,0,0,0,1,0,0,8,6,2,1,1,0,2,0,0,2,0,0,0
2020-09-11,7,4,5,91,40,2,0,0,0,0,0,0,3,0,6,13,6,0,1,1,1,0,0,2,1,0,1
2020-09-12,2,0,2,24,10,0,0,0,4,0,0,0,1,0,2,4,0,1,0,2,0,0,0,0,0,0,0
2020-09-13,2,0,0,40,16,0,1,1,2,1,0,0,4,0,4,2,0,0,0,1,1,0,0,1,1,0,0
2020-09-14,12,0,0,75,27,0,0,0,4,1,0,0,1,0,2,6,2,0,3,0,0,0,0,11,0,0,0
2020-09-15,14,3,5,88,30,3,2,0,3,0,0,0,2,0,8,6,1,1,3,3,0,0,0,1,0,0,0
2020-09-16,14,0,0,67,32,1,0,0,1,0,0,0,0,0,2,8,1,0,1,1,0,0,0,1,1,1,0
2020-09-17,15,1,3,78,39,1,2,0,2,0,0,0,0,0,3,5,0,1,1,2,1,0,0,3,4,0,0
2020-09-18,5,0,0,42,19,0,1,0,2,0,0,0,0,1,1,7,0,0,0,3,1,0,1,2,0,1,0
2020-09-19,4,0,0,16,7,0,0,0,1,0,0,0,0,0,0,1,1,0,0,0,1,0,0,0,0,0,0
2020-09-20,8,0,0,43,20,0,0,4,1,0,0,0,21,0,6,6,0,0,0,3,2,0,0,1,0,0,0
2020-09-21,19,1,3,62,34,0,0,0,2,1,0,1,1,0,8,37,0,1,0,3,1,0,0,2,1,31,0
2020-09-22,10,0,1,95,49,0,0,1,6,0,0,1,2,0,5,20,5,0,1,3,1,0,0,2,0,1,0
2020-09-23,10,0,1,46,20,2,0,0,0,0,0,0,1,0,5,1,0,1,0,1,1,0,0,2,0,0,0
2020-09-24,8,0,0,51,25,0,0,0,1,0,0,0,2,0,4,5,0,0,0,1,0,0,0,0,0,1,0
2020-09-25,10,0,2,54,23,3,0,0,0,0,0,2,1,0,0,5,0,0,0,0,0,0,0,1,0,2,0
2020-09-26,3,9,18,67,25,9,1,0,1,0,0,0,2,0,9,1,0,0,9,0,0,0,0,0,0,0,0
2020-09-27,7,0,2,21,10,0,0,0,0,0,0,0,0,0,2,4,0,1,2,0,1,0,0,3,0,0,0
2020-09-28,10,1,3,71,31,2,0,0,0,0,0,2,0,0,4,33,11,0,5,8,1,0,0,2,2,1,0
2020-09-29,11,1,3,69,34,1,1,0,2,0,0,1,0,0,4,7,0,0,2,2,2,0,1,3,1,2,0
2020-09-30,31,0,0,48,24,0,0,0,2,1,0,0,0,0,4,6,1,0,1,2,0,0,0,2,3,0,0
2020-10-01,13,4,5,52,20,0,0,1,6,0,3,1,0,0,8,14,3,0,3,1,1,0,0,1,0,3,0
2020-10-02,6,0,1,50,25,0,0,1,4,1,0,0,0,0,1,2,1,0,0,1,1,0,0,1,0,0,0
2020-10-03,16,0,0,29,16,0,0,0,2,1,0,0,0,0,2,4,0,0,0,1,0,0,0,0,0,0,0
2020-10-04,16,0,0,26,14,0,2,0,1,1,0,0,1,0,2,10,0,0,0,2,1,0,0,0,0,0,1
2020-10-05,8,1,6,56,22,1,1,2,2,1,2,2,2,1,5,10,2,2,2,3,1,1,1,4,1,1,1
2020-10-06,9,0,1,116,50,0,0,0,8,6,1,0,2,0,8,9,2,0,0,2,0,0,0,1,2,2,0
2020-10-07,6,0,3,152,74,1,1,0,2,1,0,2,3,0,4,5,1,0,1,2,4,0,0,4,1,0,0
2020-10-08,7,2,4,70,33,1,0,1,1,0,0,0,2,0,4,7,1,1,1,1,3,0,0,0,0,1,1
2020-10-09,12,1,3,39,18,0,0,2,2,0,0,1,1,0,4,3,1,0,0,0,1,0,1,1,0,0,0
2020-10-10,12,1,4,199,82,2,5,2,12,0,0,1,8,1,21,7,2,0,3,1,1,0,1,0,0,0,0
2020-10-11,8,1,3,81,36,4,1,1,2,1,1,0,1,0,6,3,0,2,0,1,0,1,0,0,0,0,0
2020-10-12,19,0,0,85,41,4,0,1,5,0,0,0,0,0,5,16,1,0,1,7,0,0,0,1,2,0,0
2020-10-13,13,1,3,74,39,0,1,2,6,0,0,0,1,0,7,17,1,2,1,8,0,0,0,1,1,0,0
2020-10-14,16,0,1,55,26,1,1,1,3,0,0,0,0,0,5,8,0,0,1,3,1,0,0,1,0,1,0
2020-10-15,14,0,0,59,29,0,0,0,2,1,0,0,0,1,1,5,0,0,2,0,4,0,0,2,0,1,2
2020-10-16,12,0,4,70,27,0,1,0,14,0,0,2,4,0,5,22,0,0,2,0,1,0,0,1,0,12,0
2020-10-17,10,0,0,69,26,1,0,0,10,1,0,0,2,0,4,8,2,0,0,1,0,0,0,0,0,0,0
2020-10-18,11,0,0,39,15,0,0,4,5,1,0,0,0,0,3,3,0,0,0,1,1,0,0,0,1,1,0
2020-10-19,12,1,2,92,52,0,0,2,2,0,0,0,0,0,5,3,0,0,2,1,1,0,0,0,1,0,1
2020-10-20,8,1,3,63,27,1,0,0,5,1,0,0,0,2,6,5,0,1,0,1,0,0,0,0,0,1,0
2020-10-21,21,1,1,51,19,0,1,2,7,0,0,0,1,1,3,2,0,0,0,0,5,0,0,0,0,0,0
2020-10-22,12,0,0,59,31,1,1,0,0,0,0,0,2,0,3,2,0,0,1,1,1,0,0,1,0,0,0
2020-10-23,9,1,3,48,16,0,0,1,5,1,0,1,2,0,1,3,0,0,1,0,0,0,0,0,0,2,0
2020-10-24,6,0,0,10,6,0,0,0,0,0,0,0,0,0,0,4,0,0,0,1,0,0,0,0,0,1,0
2020-10-25,1,0,0,11,5,0,0,0,1,0,0,0,0,0,0,1,0,0,0,0,0,0,0,0,0,0,0
2020-10-26,6,0,0,31,19,1,0,0,1,0,0,0,0,0,2,8,1,0,0,1,2,0,0,0,2,0,0
2020-10-27,12,0,0,48,22,3,0,0,5,0,0,0,0,0,1,7,0,0,1,0,0,0,0,0,0,3,0
2020-10-28,5,0,0,18,5,2,0,0,3,0,2,0,1,0,0,7,0,0,1,0,3,1,0,0,0,0,0
2020-10-29,9,0,0,43,15,1,2,0,7,0,0,0,0,0,2,1,1,0,0,0,0,0,0,1,1,0,0
2020-10-30,4,0,0,48,18,2,0,0,6,1,1,0,0,0,2,2,0,0,0,1,0,0,0,0,0,0,0
2020-10-31,4,0,0,19,7,0,1,0,2,0,0,0,1,0,1,4,1,0,0,0,0,0,0,0,0,0,0
2020-11-01,3,0,0,23,12,0,0,0,1,0,0,0,0,0,2,3,1,0,0,0,0,0,0,0,0,0,0
2020-11-02,4,1,1,54,23,1,0,1,4,0,0,0,2,0,5,7,0,0,1,4,2,0,0,1,1,0,0
2020-11-03,13,1,2,65,22,3,1,0,5,1,0,0,2,0,5,6,1,0,12,1,0,0,0,1,0,0,0
2020-11-04,10,0,0,63,29,1,0,1,3,0,0,0,1,0,7,12,1,0,3,1,0,0,0,4,0,4,0
2020-11-05,10,1,3,71,28,0,1,0,3,3,0,1,0,0,3,13,0,0,2,4,0,0,1,0,0,4,0
2020-11-06,6,2,2,50,24,0,1,1,2,0,1,0,0,0,2,6,0,0,0,0,0,0,0,2,0,0,0
2020-11-07,10,0,0,30,13,0,0,1,4,0,0,0,0,0,1,1,0,0,0,0,0,0,0,0,0,0,0
2020-11-08,8,0,3,35,17,0,0,0,3,0,0,0,0,0,1,0,0,0,0,0,0,0,0,0,0,0,0
2020-11-09,8,0,2,129,54,4,2,3,8,1,0,0,2,0,5,6,2,0,3,0,1,0,0,1,0,1,1
2020-11-10,11,0,2,91,38,1,1,1,5,0,0,0,2,0,8,1,1,0,1,0,0,0,0,2,0,0,0
2020-11-11,11,2,4,78,42,1,0,0,2,1,0,1,1,1,5,10,0,0,0,6,0,0,0,1,0,0,0
2020-11-12,11,0,0,57,26,0,1,0,5,0,0,0,2,0,2,5,1,0,0,3,1,0,0,2,0,0,0
2020-11-13,23,1,2,268,95,23,8,2,23,2,1,1,5,0,14,8,2,0,1,0,7,0,1,0,0,0,0
2020-11-14,23,0,1,151,75,3,1,0,8,1,0,1,3,0,6,17,0,0,1,2,0,0,0,0,1,0,0
2020-11-15,23,0,1,138,77,1,1,0,5,2,3,1,4,1,8,10,1,0,0,3,0,0,0,4,3,0,1
2020-11-16,20,0,4,204,87,2,0,3,15,2,0,1,1,0,3,14,2,1,1,3,3,0,1,3,0,1,0
2020-11-17,19,1,7,159,62,2,0,2,14,0,0,2,6,0,8,6,0,1,2,2,6,0,0,3,0,1,1
2020-11-18,15,0,3,114,45,4,2,3,7,0,0,2,2,0,12,11,0,0,0,2,0,0,0,1,2,4,0
2020-11-19,10,0,0,77,42,0,0,0,1,0,0,0,2,0,4,6,0,0,1,0,0,0,0,1,0,1,0
2020-11-20,16,1,3,104,53,1,0,0,3,0,0,1,1,0,5,5,1,1,1,0,1,0,0,0,2,1,0
2020-11-21,14,0,1,45,29,2,0,1,0,0,0,0,2,1,0,7,0,0,0,2,2,0,0,1,0,1,0
2020-11-22,17,0,2,116,53,1,2,2,5,0,0,0,0,0,3,8,1,0,0,1,4,0,0,0,0,1,0
2020-11-23,16,0,1,85,47,1,1,0,2,1,0,0,4,0,3,10,0,1,0,0,1,0,0,11,1,1,0
2020-11-24,37,0,4,121,61,1,2,3,3,1,1,2,0,0,7,9,0,0,0,1,1,0,0,2,0,3,0
2020-11-25,13,0,3,91,40,1,2,0,12,0,0,3,2,1,4,3,0,0,1,0,0,1,0,1,1,1,0
2020-11-26,19,0,3,70,30,1,1,1,1,0,1,0,2,0,5,11,1,2,0,1,2,0,0,1,0,4,0
2020-11-27,3,0,0,40,22,0,0,0,2,0,0,0,0,0,1,4,0,0,0,1,1,0,0,0,1,0,0
2020-11-28,2,0,0,12,3,1,0,0,0,0,0,0,0,0,2,0,0,0,0,0,0,0,0,1,0,0,0
2020-11-29,5,0,0,60,34,1,0,2,5,0,0,0,1,0,2,2,0,0,0,0,0,0,0,1,0,1,0
2020-11-30,13,0,4,63,30,1,0,1,3,0,0,1,3,1,1,9,3,2,1,0,1,0,0,1,0,1,0
2020-12-01,12,0,2,55,29,0,0,2,2,1,2,0,0,0,7,16,0,1,0,1,0,0,0,5,0,6,0
2020-12-02,10,2,2,53,31,0,1,0,1,0,0,0,1,0,2,14,0,0,0,6,0,0,0,3,1,0,1
2020-12-03,9,2,2,41,17,3,1,2,1,1,0,0,0,0,3,4,1,0,2,0,0,0,0,0,0,1,0
2020-12-04,8,0,0,29,13,0,1,1,4,0,0,0,0,0,4,2,0,0,0,1,0,0,0,1,0,0,1
2020-12-05,6,0,2,12,6,0,0,1,0,0,0,1,0,0,1,3,0,0,0,1,3,0,0,0,1,0,0
2020-12-06,4,0,2,33,15,0,0,2,0,0,1,1,0,0,2,4,1,1,0,0,0,0,0,0,1,1,0
2020-12-07,3,2,4,88,42,0,0,0,5,2,3,1,4,0,7,2,0,0,0,0,3,0,0,1,1,0,0
2020-12-08,18,0,3,125,58,2,4,1,15,2,1,0,2,1,12,9,0,2,1,0,4,0,0,1,1,0,0
2020-12-09,17,0,4,51,28,2,1,2,1,1,0,0,1,0,3,6,0,2,0,0,3,0,1,0,0,1,1
2020-12-10,10,1,1,40,15,1,2,0,4,0,1,0,1,0,1,3,0,0,0,0,1,0,0,2,0,1,0
2020-12-11,14,1,1,24,7,1,0,0,1,0,0,0,0,0,0,6,2,0,0,0,0,0,0,1,0,1,0
2020-12-12,3,0,0,18,7,0,0,1,0,0,0,0,0,0,0,0,0,0,0,0,0,0,0,0,0,0,0
2020-12-13,5,0,0,20,9,1,0,0,1,0,0,0,0,0,0,0,0,0,0,0,1,0,0,2,0,0,0
2020-12-14,10,0,0,58,24,4,4,0,3,0,3,0,0,0,1,13,5,0,1,1,1,0,0,2,0,1,0
2020-12-15,5,0,0,31,10,0,0,2,2,0,0,0,0,0,0,7,0,0,0,2,1,0,0,0,0,0,0
2020-12-16,10,0,0,69,38,0,1,1,6,1,0,0,2,1,6,1,0,0,0,1,0,0,0,1,0,0,0
2020-12-17,2,0,1,25,10,1,0,2,1,0,0,0,1,0,1,2,0,1,0,0,0,0,0,0,2,0,0
2020-12-18,5,0,0,13,6,1,0,0,0,0,0,0,0,0,0,1,0,0,0,1,0,0,0,0,0,0,0
2020-12-19,3,0,0,8,5,0,0,0,0,0,0,0,0,0,0,0,0,0,0,0,0,0,0,0,0,0,0
2020-12-20,0,0,0,15,5,0,3,0,1,0,0,0,0,0,0,0,0,0,0,0,0,0,0,0,0,0,0
2020-12-21,2,0,0,10,2,0,0,1,2,0,0,0,1,0,1,0,0,0,0,0,0,0,0,0,0,0,0
2020-12-22,4,0,0,9,2,0,0,1,2,1,0,0,1,0,0,0,0,0,0,0,1,0,0,1,0,0,0
2020-12-23,6,0,0,11,4,0,0,0,3,0,0,0,0,0,0,0,0,0,0,0,1,0,0,0,1,0,0
2020-12-24,5,0,0,2,1,0,0,0,0,0,0,0,0,0,1,3,0,0,0,0,0,0,0,0,0,0,0
2020-12-25,0,0,1,0,0,0,0,0,0,0,0,0,0,0,0,0,0,1,0,0,0,0,0,0,0,0,0
2020-12-26,3,0,0,1,1,0,0,0,0,0,0,0,0,0,1,0,0,0,0,0,0,0,0,0,1,0,0
2020-12-27,4,0,0,4,3,0,0,0,0,0,0,0,0,0,0,2,0,0,0,0,0,0,0,0,0,1,0
2020-12-28,3,0,0,23,8,0,1,1,3,0,0,0,1,1,4,0,0,0,0,0,0,0,0,5,0,0,0
2020-12-29,5,0,0,37,23,0,0,1,0,0,0,0,0,0,0,5,0,0,0,2,3,0,0,1,0,0,0
2020-12-30,3,0,1,11,4,1,0,0,0,0,0,0,0,0,0,2,0,0,0,1,1,0,0,0,0,0,0
2020-12-31,0,0,1,11,4,0,0,0,2,0,0,1,0,0,0,0,0,0,0,0,0,0,0,0,1,0,0
2021-01-01,2,0,0,8,4,0,0,0,0,0,0,0,0,0,0,3,0,0,0,0,0,0,0,0,0,1,0
2021-01-02,4,0,0,18,10,0,0,1,1,0,0,0,0,0,0,5,1,0,0,1,0,0,0,0,0,1,0
2021-01-03,3,0,1,42,17,1,2,1,1,0,0,0,0,0,4,1,0,1,0,0,4,0,0,0,0,0,1
2021-01-04,10,1,1,63,27,2,1,0,5,0,0,0,0,0,7,2,1,0,0,0,1,0,0,2,0,0,0
2021-01-05,9,0,1,50,27,2,1,0,3,0,0,1,1,0,3,5,0,0,0,2,0,0,0,3,0,0,0
2021-01-06,29,0,1,86,36,2,2,2,6,0,0,1,1,1,8,5,1,0,0,1,2,0,0,1,0,0,1
2021-01-07,7,0,1,46,25,1,0,0,1,0,0,1,0,0,4,2,0,0,0,0,3,0,1,0,0,0,0
2021-01-08,4,0,1,41,20,1,0,0,0,0,0,0,3,0,9,1,0,1,1,0,0,0,0,0,0,0,0
2021-01-09,7,1,1,29,11,2,0,1,0,1,0,0,0,0,3,7,1,0,0,2,1,0,0,0,2,0,0
2021-01-10,8,0,0,20,8,1,0,0,0,0,0,0,0,0,2,3,0,0,1,0,0,0,0,0,0,1,0
2021-01-11,19,0,1,64,36,2,2,0,2,0,0,0,2,0,3,11,0,1,0,3,0,0,1,2,0,1,0
2021-01-12,9,0,1,39,14,0,0,2,2,0,0,0,1,0,3,0,0,1,0,0,2,0,0,0,2,0,0
2021-01-13,10,0,0,68,38,0,1,0,3,0,1,0,1,0,3,7,0,0,0,1,2,0,0,1,1,0,0
2021-01-14,28,0,0,48,26,0,0,0,3,0,0,0,1,0,3,12,0,0,0,4,0,0,0,1,0,0,0
2021-01-15,5,0,0,33,16,0,1,0,2,0,0,0,1,1,5,8,1,0,1,1,0,0,0,1,1,0,0
